Wafer,Sensor56,Sensor101,Sensor104,Sensor112,Sensor130,Sensor153,Sensor184,Sensor337,Sensor346,Sensor424,Pred_Output
Wafer-1201,2829.0,0.0004,-0.009600123281035182,231.3536226624513,-0.1419,0.4913,43.733000000000004,12.518999999999998,6.9125,97.5415,1
Wafer-1202,2875.0,-0.0001,-0.015831309300333808,232.056,0.9934,0.2833,17.837,8.9885,4.624471200387452,93.931,-1
Wafer-1203,2881.0,-0.0001,-0.01596217629590554,232.29976349888153,0.2838,0.356,17.753,8.4126,5.1884,56.5692,-1
Wafer-1204,2892.0,0.0003,-0.008192279073487544,232.41635532349983,-0.1419,0.5714,17.654,9.2275,5.9709,105.399,-1
Wafer-1205,2828.0,0.0002,-0.012144028601001753,229.35,0.2838,0.5149,31.556,5.733400000000002,6.3174095591530754,38.0632,1
Wafer-1206,2830.0,0.0003,-0.00912719614104808,231.45970793817696,1.513,0.256,30.921,10.2366,5.4149,95.7176,1
Wafer-1207,2845.0,-0.0007,-0.007500556230972549,230.08,-0.1419,0.5753,20.297,9.5795,5.6284007951233015,134.502,1
Wafer-1208,2854.0,0.0005,-0.007615284465973915,231.7271424606568,-0.1419,0.4264,30.272,9.7432,5.606765065182328,85.0842,1
Wafer-1209,2875.0,0.0005,-0.010798607957021061,229.927,0.9934,0.3921,18.392,8.1103,5.4119,49.9396,1
Wafer-1210,2827.0,0.0002,-0.009245084249041127,229.672,-0.1419,0.308,29.304,10.1586,7.271839999429896,101.933,1
Wafer-1211,2889.0,0.0005,-0.005917548684627917,232.1985216936969,-0.1419,0.2918,20.046,9.2094,5.960250220704655,115.779,1
Wafer-1212,2881.0,0.0,-0.014280446719174819,231.132,0.9934,0.3105,18.446,8.4953,3.38783368974991,112.765,-1
Wafer-1213,2835.0,0.0007,-0.006029197523729037,230.381,0.2838,0.47,25.706,9.1535,7.721500423639969,68.548,1
Wafer-1214,2870.0,0.0,-0.012640416618873987,230.258,1.419,0.3695,27.205,8.6215,5.3035,43.5482,-1
Wafer-1215,2870.0,0.0001,-0.01140661254950431,230.051,1.419,0.2625,27.553,9.4666,5.3175,115.335,1
Wafer-1216,2837.0,-0.0004,-0.015570331491024735,229.677,-2.033,0.4338,33.949,12.518999999999998,7.8842,88.9982,1
Wafer-1217,2837.0,-0.0002,-0.012765114817632534,229.806,0.5204,0.25,32.067,12.1936,6.5144,118.088,1
Wafer-1218,2860.0,0.0001,-0.01339223511040142,229.606,1.419,0.1609,26.964,8.589,5.341469671561101,56.7984,-1
Wafer-1219,2822.0,0.0,-0.01189727129326208,229.574,1.419,0.6491,33.142,10.8331,5.2207,74.4966,1
Wafer-1220,2892.0,0.0,-0.012391742536763797,232.39945072521638,1.419,0.7734,18.506,8.792,5.4426,97.9121,-1
Wafer-1221,2815.0,0.0004,-0.005583902141828687,230.547,1.513,0.4548,22.428,9.733,6.133942388519511,94.2494,1
Wafer-1222,2875.0,0.0,-0.014664800801308915,229.34,1.419,0.2891,18.68,8.5011,2.5975,77.2579,-1
Wafer-1223,2835.0,0.0002,-0.00912719614104808,230.255,1.513,0.5441,30.761,11.0754,7.1898,72.0188,1
Wafer-1224,2835.0,0.0003,-0.00936320119394825,229.094,0.5204,0.7795,22.517,8.5805,4.2468,38.6949,-1
Wafer-1225,2837.0,0.0005,-0.009837965782719825,229.129,0.5204,0.8259,31.732,11.7064,7.4767,57.8766,1
Wafer-1226,2875.0,0.0004,-0.008892104753672272,230.487,0.5204,0.3003,17.355,9.0722,3.8452,55.577,-1
Wafer-1227,2874.0,0.0,-0.01019646273628378,228.99,1.419,0.5309,17.43,8.5926,4.648,86.7216,-1
Wafer-1228,2875.0,-0.0001,-0.010677711885249871,229.687,0.5204,0.7625,20.866,8.1073,5.0884,56.263,-1
Wafer-1229,2835.0,0.0003,-0.009957233248636977,231.151,0.5204,0.2369,22.478,7.3387,4.1496,117.379,-1
Wafer-1230,2855.0,-0.0001,-0.01339223511040142,230.417,-0.5204,0.2634,27.991,7.7273,5.1254,133.793,-1
Wafer-1231,2855.0,-0.0003,-0.014025445077438102,230.748,-0.5204,0.2493,29.435,8.2921,4.6733,108.681,-1
Wafer-1232,2842.0,0.0003,-0.010076732091200578,230.705,1.419,0.82765,29.464,8.8196,7.277596349129067,66.0575,1
Wafer-1233,2874.0,0.0001,-0.008308351570615855,232.06043563693743,0.5204,0.8261,19.057,8.8651,4.5063,42.0244,-1
Wafer-1234,2889.0,-0.0004,-0.015831309300333808,231.201,1.419,0.3964,19.316,8.5142,5.065310582631225,122.766,-1
Wafer-1235,2836.0,0.0001,-0.00912719614104808,230.219,1.419,0.3789,25.884,8.106,5.5226,116.036,1
Wafer-1236,2835.0,0.0007,-0.006816847152763155,230.286,1.419,0.7072,25.889,9.4299,6.250752735391743,92.8607,1
Wafer-1237,2878.0,0.0005,-0.00912719614104808,230.523,1.419,0.2533,20.094,8.1788,5.500284777422778,73.9966,1
Wafer-1238,2837.0,0.0002,-0.01019646273628378,230.77,0.5204,0.2529,32.063,10.4799,4.6773,108.141,1
Wafer-1239,2822.0,0.0005,-0.008657923674868487,230.481,0.5204,0.82765,27.375,11.4222,4.3468,30.8004,1
Wafer-1240,2858.0,-0.0002,-0.01479341440650841,230.482,0.9461,0.4001,27.8,8.7846,6.3617,91.2195,1
Wafer-1241,2852.0,0.0002,-0.012267765770770893,230.088,-0.7569,0.2283,19.119,8.0211,4.0926,70.6799,-1
Wafer-1242,2835.0,0.0004,-0.008424649559356024,230.096,-0.7569,0.2156,25.124,8.8251,5.765949163366278,82.8466,1
Wafer-1243,2831.0,0.0007,-0.006930245906578826,230.355,-1.83,0.3308,33.7549,10.9221,6.08821277228417,115.48,1
Wafer-1244,2828.0,-0.0004,-0.015570331491024735,231.42661424121746,2.458,0.5468,25.269,7.5607,5.383,50.3276,-1
Wafer-1245,2877.0,-0.0002,-0.014152822758452616,232.1986155068242,2.458,0.3865,15.091,9.3226,3.595137583290115,35.9216,-1
Wafer-1246,2883.0,0.0,-0.012020530588047515,232.11035053326205,2.458,0.5795,19.028,8.4947,4.0657,68.4312,-1
Wafer-1247,2883.0,-0.0001,-0.013015235742913496,232.50783470498442,2.458,0.3962,16.319,9.2984,4.4267,106.389,-1
Wafer-1248,2883.0,0.0,-0.012765114817632534,232.39282483848865,2.458,0.666,17.127,9.5492,3.2298,64.8861,-1
Wafer-1249,2893.0,0.0006,-0.0053625504343747694,232.29497299579361,1.419,0.2529,18.787,8.492,4.3086,93.4051,1
Wafer-1250,2830.0,0.0004,-0.012515959339152288,230.745,-1.83,0.2376,39.768,11.8507,6.532023194212711,34.0046,1
Wafer-1251,2815.0,0.0005,-0.006253147592164396,230.352,-1.83,0.5747,21.807,8.4507,6.289334547173457,133.325,1
Wafer-1252,2878.0,0.0005,-0.011284540292471903,230.114,-0.5204,0.4819,19.736,9.0614,5.9013,84.2313,1
Wafer-1253,2852.0,0.0004,-0.00912719614104808,230.036,-1.83,0.5571,21.534,8.0517,4.5498,92.2091,1
Wafer-1254,2819.0,0.0001,-0.010677711885249871,233.164,0.9461,0.49,32.283,11.2063,6.804286721205359,53.3343,1
Wafer-1255,2831.0,0.0004,-0.00854117345532601,230.334,-0.5204,0.5427,31.021,12.5004,6.118824937192526,70.6539,1
Wafer-1256,2881.0,0.0002,-0.00936320119394825,229.719,0.9461,0.3201,17.301,8.3282,4.672392252608299,128.482,-1
Wafer-1257,2854.0,0.0005,-0.008892104753672272,230.295,-0.5204,0.6167,30.202,7.5012,4.6427,55.7191,1
Wafer-1258,2828.0,-0.0004,-0.012515959339152288,231.40076412683413,0.1419,0.4174,26.392,7.1268,3.4261,63.4956,-1
Wafer-1259,2828.0,-0.0003,-0.01570069451913131,234.41329898491074,-0.9934,0.2642,24.054,8.0571,4.7748,50.5772,-1
Wafer-1260,2878.0,0.0003,-0.010557049756510268,234.41329898491074,-0.5204,0.5669,19.545,9.0111,5.936121982898016,104.035,-1
Wafer-1261,2828.0,0.0003,-0.011774250278760608,231.46384147430342,-0.9934,0.3004,25.956,8.0056,3.2573,48.2502,-1
Wafer-1262,2828.0,-0.0001,-0.014152822758452616,231.3776788954845,-0.9934,0.3195,25.792,7.3876,3.6873404066644655,44.1597,-1
Wafer-1263,2824.0,-0.0007,-0.010076732091200578,229.565,0.9461,0.4657,30.716,11.2336,6.305375619091726,153.8167,1
Wafer-1264,2870.0,0.0004,-0.01289005437789906,231.11,0.9461,0.495,20.409,10.6256,6.012259971880487,106.07,1
Wafer-1265,2827.0,0.0002,-0.012267765770770893,229.56,-1.83,0.341,30.935,11.1187,8.328605213144154,81.7078,1
Wafer-1266,2827.0,0.0,-0.010436621141209437,230.663,0.1419,0.5862,32.31,10.2513,6.057532074852007,47.1039,1
Wafer-1267,2835.0,0.0003,-0.009009536449253158,229.641,-0.5204,0.5614,26.409,8.1657,5.1355,115.035,1
Wafer-1268,2835.0,0.0006,-0.00936320119394825,230.206,0.9461,0.4867,24.2,9.2498,4.794804539747614,97.1688,1
Wafer-1269,2830.0,0.0003,-0.01019646273628378,231.40125565295148,0.1419,0.4039,32.115,11.1704,7.1714,90.613,1
Wafer-1270,2827.0,0.0005,-0.009837965782719825,230.114,-0.7569,0.2845,29.575,10.1043,6.948786131215635,109.797,1
Wafer-1271,2875.0,-0.0007,-0.020146705638878267,231.202,-1.83,0.4917,18.157,8.1329,4.422210241927725,92.1484,-1
Wafer-1272,2823.0,-0.0006,-0.017151405409572277,230.674,-0.9934,0.5232,30.698,9.6878,6.745750172088842,75.2252,1
Wafer-1273,2834.0,-0.0003,-0.013140659356685779,230.183,-1.83,0.4638,30.937,12.518999999999998,7.33832733514084,58.8521,1
Wafer-1274,2829.0,0.0003,-0.012765114817632534,229.859,-0.7569,0.249,29.865,12.518999999999998,7.824867572772624,99.6876,1
Wafer-1275,2815.0,0.0001,-0.008308351570615855,229.947,0.1419,0.5144,21.142,9.0757,6.7770640403931734,50.9154,1
Wafer-1276,2829.0,0.0002,-0.009481547397218494,229.918,-0.7569,0.6055,32.031,10.1231,6.485500542709438,124.059,1
Wafer-1277,2877.0,0.0005,-0.009957233248636977,230.306,-0.7569,0.2673,18.037,8.9149,3.4126,63.8954,-1
Wafer-1278,2831.0,0.0006,-0.009718929268317116,230.302,-0.5204,0.82765,27.17,11.3763,5.3956,76.3596,1
Wafer-1279,2879.0,-0.0001,-0.015051387712002576,234.41329898491074,0.2365,0.4223,18.844,8.7624,3.241148147880744,45.0381,-1
Wafer-1280,2837.0,0.0006,-0.01019646273628378,229.787,-0.7569,0.2822,31.307,10.5337,6.485,56.9578,1
Wafer-1281,2858.0,-0.0001,-0.013140659356685779,232.22431959396428,0.2365,0.3833,29.166,8.2529,4.17384183990382,71.0165,-1
Wafer-1282,2828.0,-0.0003,-0.011162704137674607,229.076,-0.5204,0.6286,33.377,9.5571,5.5749,141.061,1
Wafer-1283,2871.0,-0.0002,-0.01479341440650841,232.08456044206255,0.2365,0.49,17.465,10.2718,4.5212,67.8422,-1
Wafer-1284,2830.0,-0.0001,-0.014922276558168846,231.43674297269123,0.2365,0.4479,31.879,11.1178,8.463850308321685,37.4789,1
Wafer-1285,2854.0,0.0001,-0.011651467107418271,229.777,0.2365,0.5426,28.094,7.2849,3.9251,33.6401,-1
Wafer-1286,2823.0,-0.0001,-0.011528921342869019,231.24735733846035,-0.8042,0.3825,30.769,10.4974,6.457354157293083,56.723,-1
Wafer-1287,2879.0,-0.0002,-0.013898313225134048,232.22766896204618,-0.8042,0.3113,16.902,9.1316,3.47338255225472,39.4664,-1
Wafer-1288,2822.0,0.0005,-0.010436621141209437,230.717,0.1419,0.3113,33.486,9.7399,5.4832,46.9695,1
Wafer-1289,2879.0,-0.0001,-0.014280446719174819,232.1751702310621,-0.8042,0.3623,14.743,8.5086,2.988825946314189,56.1275,-1
Wafer-1290,2854.0,0.0001,-0.010798607957021061,229.937,-0.5204,0.4845,31.045,7.257,6.0041,50.0368,1
Wafer-1291,2845.0,0.0004,-0.00912719614104808,230.005,0.1419,0.526,20.81,8.8419,5.057557293489221,60.5457,1
Wafer-1292,2834.0,0.0004,-0.009600123281035182,230.587,0.1419,0.3201,33.696,10.8933,4.6401,66.1439,1
Wafer-1293,2862.0,0.0,-0.009957233248636977,230.935,-0.8042,0.4482,29.001,8.674,4.7854,72.2936,-1
Wafer-1294,2877.0,0.0,-0.014408317411384722,232.23976966591965,-0.8042,0.3927,16.25,8.958,3.5202,75.8331,-1
Wafer-1295,2837.0,0.0001,-0.00912719614104808,230.278,-0.5204,0.6152,26.826,8.5198,5.596702374059176,111.795,1
Wafer-1296,2831.0,0.0006,-0.007960808895210926,229.846,1.419,0.4671,33.593,11.0002,6.849639430537242,108.965,1
Wafer-1297,2858.0,0.0001,-0.00936320119394825,230.593,-0.7569,0.2755,29.065,10.2762,4.9618,74.0271,1
Wafer-1298,2831.0,0.0002,-0.00854117345532601,230.058,2.458,0.3999,32.514,10.4283,6.661278605484818,135.336,1
Wafer-1299,2815.0,0.0006,-0.005806116774476077,230.109,1.419,0.237,20.79,9.0618,5.189363574617792,87.2356,1
Wafer-1300,2831.0,0.0001,-0.011651467107418271,230.559,0.0,0.82765,31.566,11.4248,5.895082791661646,86.6489,1
Wafer-1001,2837.0,0.0002,-0.013140659356685779,229.688,0.0946,0.2866,23.016,8.4104,6.222730871618764,59.4059,-1
Wafer-1002,2846.0,0.0004,-0.01688534618243737,230.262,0.0946,0.5471,23.193,8.5206,6.533324582092128,69.1644,-1
Wafer-1003,2835.0,0.0,-0.014664800801308915,230.716,0.0946,0.2302,23.346,8.9749,6.520755477814894,53.4663,-1
Wafer-1004,2844.0,0.0,-0.010076732091200578,230.89,-3.119,0.3888,30.942,10.2218,5.7371552596890645,96.3463,-1
Wafer-1005,2845.0,-0.0005,-0.016356295193570125,231.56496093786967,-3.119,0.82765,24.283,7.21,5.481641913362008,50.9711,-1
Wafer-1006,2846.0,-0.0003,-0.01570069451913131,229.57,0.0946,0.3746,21.84,8.655,5.015917155141062,57.5125,-1
Wafer-1007,2846.0,0.0004,-0.012020530588047515,231.66300224354765,0.0,0.4854,25.508,8.3501,3.6616,85.381,-1
Wafer-1008,2853.0,-0.0001,-0.015051387712002576,231.62342121684628,0.0,0.3465,25.805,8.9285,5.6816,83.5696,-1
Wafer-1009,2845.0,0.0001,-0.01189727129326208,231.56614005611422,0.0946,0.574,29.265,9.667,5.8832,51.0684,-1
Wafer-1010,2851.0,0.0,-0.012640416618873987,231.75724292939128,-2.789,0.82765,29.093,9.468,7.097443933372006,103.529,-1
Wafer-1011,2851.0,0.0002,-0.00936320119394825,231.67851340933782,-3.449,0.82765,31.902,9.9534,8.047569756636356,104.409,-1
Wafer-1012,2847.0,0.0004,-0.011162704137674607,230.798,-2.93,0.3987,30.636,10.7588,8.069178060858757,66.8131,1
Wafer-1013,2853.0,-0.0008,-0.01688534618243737,231.74474152855862,-3.449,0.3877,28.779,9.2224,7.789610138516319,153.8167,-1
Wafer-1014,2849.0,-0.0003,-0.013518388142226223,231.7564893624138,-2.364,0.3997,29.96,11.122,8.2537,71.0325,-1
Wafer-1015,2847.0,0.0001,-0.012391742536763797,230.877,-2.364,0.4336,26.443,9.1827,3.3459,66.9385,-1
Wafer-1016,2854.0,-0.0005,-0.01675270070330199,230.796,-2.364,0.4764,23.5421,8.6456,5.518,47.2806,-1
Wafer-1017,2842.0,0.0,-0.013644785206574271,231.208,0.0,0.422,29.206,9.6555,6.235101870663486,61.4064,-1
Wafer-1018,2842.0,0.0003,-0.010316425610501005,230.99,-3.779,0.3293,29.066,9.3499,6.61512052544261,68.6772,-1
Wafer-1019,2847.0,-0.0002,-0.010798607957021061,231.258,-3.543,0.4584,24.893,8.777,4.391648957094587,63.0962,-1
Wafer-1020,2849.0,-0.0002,-0.01479341440650841,231.6341071993902,0.0,0.3621,29.629,8.5331,5.5545,55.1761,-1
Wafer-1021,2842.0,-0.0002,-0.013015235742913496,231.243,0.0,0.82765,26.463,7.9251,4.500121295578654,81.3321,-1
Wafer-1022,2854.0,-0.0001,-0.014280446719174819,229.566,-3.779,0.2582,31.593,10.8288,6.8736,65.3221,-1
Wafer-1023,2858.0,0.0,-0.014152822758452616,231.165,-3.119,0.2364,30.558,9.6518,6.668308085160254,73.2515,-1
Wafer-1024,2844.0,-0.0008,-0.020146705638878267,231.583,-3.119,0.4454,30.053,10.3673,5.78544957023827,57.396,-1
Wafer-1025,2898.0,-0.00017300034274924346,-0.014645711725785866,231.101,-2.364,0.4289,19.238,7.7265,3.0471164164344775,42.913,-1
Wafer-1026,2851.0,-0.0003,-0.01479341440650841,231.6717544495458,-2.364,0.3843,30.572,9.6316,6.0848,48.1826,-1
Wafer-1027,2855.0,-0.0002,-0.012515959339152288,232.001,0.0,0.4077,30.424,10.9876,6.086062073836041,84.2987,1
Wafer-1028,2847.0,-0.0004,-0.015180748324513263,230.762,-3.779,0.2984,24.913,9.3603,6.25842260032693,91.5662,-1
Wafer-1029,2843.0,-0.0007,-0.020146705638878267,231.70334731181808,-3.779,0.261,28.057,9.6169,5.990888576203797,50.9904,-1
Wafer-1030,2849.0,0.0001,-0.014922276558168846,231.467,0.0,0.3407,29.807,8.7865,5.0265,109.657,-1
Wafer-1031,2842.0,-0.0001,-0.01596217629590554,231.567,-2.364,0.4175,29.162,10.1727,6.266337324075653,49.6586,-1
Wafer-1032,2853.0,0.0002,-0.017018247595022,230.223,-3.119,0.82765,30.459,9.1135,6.5626,51.3322,-1
Wafer-1033,2858.0,-0.0002,-0.01596217629590554,230.695,0.0,0.3362,33.549,9.8985,6.700268077804392,65.3446,1
Wafer-1034,2842.0,0.0005,-0.01019646273628378,231.191,0.0,0.368,25.873,9.565,4.977007808136878,70.1378,-1
Wafer-1035,2853.0,-0.0004,-0.017552421962359722,231.7599493455773,-3.779,0.2434,21.585,8.6433,7.342,50.8768,-1
Wafer-1036,2854.0,-0.0001,-0.013644785206574271,230.721,-3.119,0.82765,32.778,9.2628,5.8494,50.5238,-1
Wafer-1037,2835.0,0.0007,-0.007386050598449366,231.70516549898855,-1.939,0.262,34.779,12.1375,6.5672,43.7769,1
Wafer-1038,2836.0,-0.0002,-0.014922276558168846,231.39854879663204,-2.93,0.82765,29.072,8.5803,6.5432,55.2038,-1
Wafer-1039,2860.0,-0.0005,-0.009837965782719825,231.90053256754288,-2.553,0.3738,31.5099,9.9018,6.8046,73.0873,-1
Wafer-1040,2847.0,-0.0008,-0.01570069451913131,230.047,-2.033,0.6247,25.973,8.5,4.788529793509607,79.834,-1
Wafer-1041,2881.0,0.0003,-0.01140661254950431,230.79,-2.553,0.414,18.167,8.4298,3.877085977730422,91.0191,-1
Wafer-1042,2892.0,0.0,-0.014280446719174819,229.859,-3.072,0.2739,18.457,8.5653,4.483,140.969,-1
Wafer-1043,2845.0,-0.0002,-0.012765114817632534,230.099,-2.505,0.4981,27.839,8.7572,4.635315351934328,103.897,-1
Wafer-1044,2842.0,-0.0005,-0.01622466877924892,230.006,-2.458,0.4116,22.1151,8.461,4.510648490991591,67.5898,-1
Wafer-1045,2898.0,0.0004,-0.009837965782719825,231.841,-2.553,0.8,20.8329,8.7366,5.843878116507415,95.3064,-1
Wafer-1046,2853.0,0.0,-0.013771426751324641,231.94981000544232,-2.458,0.4955,24.528,8.9496,6.524005472714826,48.5472,-1
Wafer-1047,2844.0,-0.0008,-0.01570069451913131,231.4890423241317,-2.553,0.4437,30.625,9.6206,6.699450776679544,60.4439,-1
Wafer-1048,2853.0,-0.0003,-0.01479341440650841,230.728,-2.6,0.3765,23.005,8.5475,6.313721573090813,83.221,-1
Wafer-1049,2846.0,-0.0004,-0.018497189318639536,230.079,-2.222,0.2558,23.618,8.7863,5.8983,51.7334,-1
Wafer-1050,2841.0,-0.0008,-0.020146705638878267,230.248,-2.175,0.82765,21.532,8.5786,5.655747191020956,49.1445,-1
Wafer-1051,2885.0,0.0006,-0.010316425610501005,229.322,-2.175,0.82765,17.39,8.5828,3.9680048442964813,74.2342,-1
Wafer-1052,2837.0,0.0004,-0.01140661254950431,231.70101902836012,-2.08,0.4239,21.15,7.6331,7.2896,76.1426,-1
Wafer-1053,2842.0,-0.0002,-0.015051387712002576,229.666,-2.6,0.4977,29.717,10.2005,6.677144167295942,70.8998,1
Wafer-1054,2895.0,0.0001,-0.01289005437789906,230.687,-2.505,0.4269,19.534,8.834,4.095841849069232,70.6826,-1
Wafer-1055,2849.0,0.0001,-0.01339223511040142,231.68511180291387,-2.08,0.4231,30.507,9.2373,5.0102,86.1034,-1
Wafer-1056,2838.0,-0.0003,-0.01289005437789906,229.54,-2.553,0.683,24.276,8.2608,7.055701229454395,87.9599,-1
Wafer-1057,2853.0,-0.0005,-0.018361441536869815,230.985,-2.505,0.281,23.933,8.5725,6.914585020739422,68.2274,-1
Wafer-1058,2847.0,0.0004,-0.010436621141209437,231.306,-2.505,0.3935,30.544,10.7425,7.496127982410086,74.8755,1
Wafer-1059,2853.0,0.0001,-0.014408317411384722,229.266,-2.175,0.82765,23.6411,8.5683,5.2379,46.4054,-1
Wafer-1060,2838.0,0.0,-0.015831309300333808,231.50097619780348,-2.175,0.82765,21.245,8.3461,6.4740226534372445,56.8373,-1
Wafer-1061,2853.0,-0.0001,-0.014664800801308915,231.219,-2.08,0.4081,28.979,8.9768,6.263069581543969,102.261,-1
Wafer-1062,2879.0,-0.0003,-0.012765114817632534,229.941,-2.647,0.4125,18.559,8.5672,3.822782122796525,48.9878,-1
Wafer-1063,2835.0,0.0002,-0.012020530588047515,230.295,-2.647,0.4144,31.552,12.4556,6.532931604859712,83.9963,1
Wafer-1064,2877.0,-0.0005,-0.013771426751324641,229.004,-2.647,0.4176,16.813,7.4006,3.7726021485620844,113.01,-1
Wafer-1065,2835.0,-0.0002,-0.014664800801308915,230.639,-2.647,0.4496,30.405,12.518999999999998,8.998385517444333,137.664,1
Wafer-1066,2877.0,-0.0007,-0.012640416618873987,230.62,-2.647,0.452,19.192,8.282,3.870389320283963,60.3605,-1
Wafer-1067,2838.0,-0.0002,-0.016093295967919346,229.08,-3.025,0.3854,21.933,8.3773,3.5705484603011532,80.9452,-1
Wafer-1068,2845.0,-0.0002,-0.016620310689909497,231.287,-2.505,0.2695,33.001,7.4296,4.761499531981683,75.8122,-1
Wafer-1069,2838.0,0.0002,-0.01019646273628378,231.59339725430817,-2.317,0.4161,22.423,7.8494,4.954781799106215,141.822,-1
Wafer-1070,2841.0,-0.0003,-0.018225954887074857,230.371,-2.505,0.3445,24.41,8.791,5.8550515291647445,65.4169,-1
Wafer-1071,2841.0,-0.0002,-0.013015235742913496,229.671,-2.647,0.4269,20.522,7.8315,4.915507834767476,71.6829,-1
Wafer-1072,2838.0,0.0002,-0.010798607957021061,232.069,-1.797,0.481,31.198,9.2921,4.091175772350222,43.6724,-1
Wafer-1073,2835.0,-0.0002,-0.013518388142226223,231.67923286349924,-2.175,0.4913,25.222,7.4851,5.349788442442839,61.5108,-1
Wafer-1074,2852.0,-0.0003,-0.015051387712002576,231.67897415570633,-2.175,0.3631,30.314,9.5131,6.038943702401411,72.3859,-1
Wafer-1075,2844.0,0.0,-0.013644785206574271,231.60495470003968,-2.505,0.421,29.985,10.5774,6.169978020137647,60.3961,-1
Wafer-1076,2826.0,-0.0008,-0.012515959339152288,231.31005280633465,-2.458,0.4147,30.934,12.518999999999998,7.5068,67.8228,-1
Wafer-1077,2853.0,0.0004,-0.010436621141209437,230.243,-3.072,0.4085,23.769,9.0079,5.676553073825757,118.54,-1
Wafer-1078,2837.0,0.0002,-0.013015235742913496,230.632,-2.6,0.4139,23.189,8.7526,7.220521364928177,78.5668,-1
Wafer-1079,2840.0,0.0,-0.013898313225134048,230.849,-1.797,0.3044,21.962,8.6362,4.90285591302091,53.0207,-1
Wafer-1080,2853.0,-0.0003,-0.01596217629590554,230.497,-2.505,0.4026,29.311,9.009,6.333584551818116,48.0712,-1
Wafer-1081,2884.0,0.0002,-0.009600123281035182,231.014,-2.553,0.2878,23.215,9.1079,4.7241,123.946,-1
Wafer-1082,2893.0,-0.0002,-0.020146705638878267,230.495,-2.6,0.277,19.117,8.9096,4.7902,77.3473,-1
Wafer-1083,2886.0,0.0004,-0.01453643528764632,231.207,-3.025,0.557,22.314,9.5832,5.7108,137.397,-1
Wafer-1084,2845.0,0.0004,-0.010076732091200578,230.098,-2.6,0.4216,30.107,10.3011,6.8013,42.2359,1
Wafer-1085,2884.0,0.0002,-0.012144028601001753,230.436,-2.553,0.4101,22.668,8.8829,4.5841,153.8167,-1
Wafer-1086,2837.0,-0.0002,-0.016488175675362274,230.106,-3.025,0.4563,26.003,8.1453,5.161,153.8167,-1
Wafer-1087,2853.0,-0.0002,-0.013644785206574271,230.333,-1.939,0.3594,24.33,9.0212,7.3837936923257255,37.2627,-1
Wafer-1088,2871.0,-0.0005,-0.01289005437789906,232.07613229398368,-2.505,0.3624,23.953,8.9299,5.292759156314365,41.4352,-1
Wafer-1089,2853.0,-0.0003,-0.01453643528764632,231.73938958020358,-2.08,0.4485,29.162,11.0248,6.684153297529735,133.562,-1
Wafer-1090,2841.0,-0.0006,-0.016093295967919346,230.735,-2.458,0.3679,21.983,8.4264,5.794314765069152,70.3371,-1
Wafer-1091,2881.0,0.0,-0.012765114817632534,232.01844856264867,-2.317,0.5469,20.366,8.7647,3.683990172575352,127.334,-1
Wafer-1092,2835.0,0.0,-0.012765114817632534,230.898,-2.458,0.2661,31.108,8.7079,3.6364307254517056,39.4648,-1
Wafer-1093,2840.0,-0.0003,-0.015831309300333808,230.779,-3.072,0.7415,24.192,7.8883,6.74067370354951,131.925,-1
Wafer-1094,2855.0,-0.0003,-0.013771426751324641,231.65967465314426,-2.08,0.1959,31.239,9.5859,6.461955860440569,76.4889,-1
Wafer-1095,2838.0,0.0008,-0.005252197183322676,230.801,-2.08,0.566,23.92,8.1132,3.952401481259252,93.7819,1
Wafer-1096,2835.0,-0.0001,-0.015831309300333808,230.443,-3.025,0.4339,24.5049,9.4342,6.405237148815629,112.284,-1
Wafer-1097,2846.0,-0.0003,-0.014664800801308915,231.78211052671327,-2.505,0.4001,23.233,8.0671,5.061976711338038,58.8067,-1
Wafer-1098,2841.0,-0.0005,-0.013266325663997146,230.529,-3.072,0.4257,23.21,8.6921,5.105028702260886,59.0455,-1
Wafer-1099,2846.0,-0.0002,-0.017552421962359722,231.88472746443165,-2.458,0.4659,25.807,8.1635,5.227979888400717,73.0561,-1
Wafer-1100,2885.0,-0.0001,-0.013518388142226223,229.432,-2.647,0.2877,17.758,8.6824,4.730372959335158,78.3478,-1
Wafer-1501,2820.0,-0.0002,-0.010316425610501005,230.411,-0.9934,0.82765,30.738,12.518999999999998,7.679232856429592,132.686,1
Wafer-1502,2803.0,-0.0001,-0.012144028601001753,230.305,-0.0946,0.2697,30.935,10.8598,6.617945146781378,65.0082,1
Wafer-1503,2879.0,-0.0006,-0.018225954887074857,234.41329898491074,-0.5677,0.2915,20.2451,6.8665,4.467627213175771,52.3229,-1
Wafer-1504,2879.0,0.0003,-0.011528921342869019,232.08755474861232,-0.9934,0.82765,19.474,7.945,5.291637506926684,77.937,-1
Wafer-1505,2879.0,-0.0001,-0.015440219755539015,234.41329898491074,-0.9934,0.3783,22.372,7.3623,2.8411546514497354,82.7283,-1
Wafer-1506,2805.0,0.0,-0.01289005437789906,229.73,-0.9934,0.4122,27.005,8.3143,5.1208,77.3775,-1
Wafer-1507,2884.0,-0.0002,-0.011284540292471903,233.542,-0.9934,0.3268,16.905,8.7662,4.312815149496333,57.6543,-1
Wafer-1508,2843.0,0.0,-0.012020530588047515,229.153,-0.5677,0.6756,21.688,7.3956,3.7733,53.0849,-1
Wafer-1509,2874.0,0.0002,-0.010677711885249871,234.236,-0.9934,0.7233,18.8979,8.628,4.248319832285221,40.189,-1
Wafer-1510,2811.0,0.0001,-0.012267765770770893,234.237,-0.9934,0.82765,30.516,12.518999999999998,7.460366209504136,81.9354,1
Wafer-1511,2889.0,0.0003,-0.009957233248636977,230.184,-0.9934,0.82765,14.933,8.5895,4.042474620295424,46.0346,-1
Wafer-1512,2884.0,0.0,-0.010436621141209437,234.41329898491074,-0.9934,0.82765,18.069,8.5579,3.378744135167908,69.3874,-1
Wafer-1513,2910.0,0.0,-0.013898313225134048,231.338,0.0,0.6629,18.014,6.3117,3.5237524700652267,125.06,-1
Wafer-1514,2876.0,-0.0001,-0.01622466877924892,231.595,0.0,0.82765,17.596,7.6479,3.9429282639153707,80.2109,-1
Wafer-1515,2910.0,-0.0001,-0.015310358852996012,229.968,0.0,0.82765,18.498,6.6658,4.1741765681193925,75.1952,-1
Wafer-1516,2821.0,-0.0001,-0.015831309300333808,232.777,0.0,0.5418,27.613,11.8586,5.724831523942699,116.482,-1
Wafer-1517,2804.0,0.0001,-0.014408317411384722,230.59,0.0,0.5675,28.472,8.8747,4.144661066726842,59.4416,-1
Wafer-1518,2820.0,-0.0001,-0.013140659356685779,234.41329898491074,-0.5677,0.6,29.066,11.4909,6.991891002803321,69.4333,-1
Wafer-1519,2821.0,0.0,-0.016093295967919346,234.41329898491074,0.0,0.5337,29.545,11.4404,6.025769582498448,42.875,-1
Wafer-1520,2821.0,0.0,-0.012267765770770893,234.41329898491074,-0.8515,0.82765,27.002,9.3789,6.516457912845059,59.0269,-1
Wafer-1521,2915.0,0.0002,-0.009837965782719825,231.968,-0.5677,0.6739,16.199,8.6414,3.231734691774533,54.88,-1
Wafer-1522,2889.0,-0.0002,-0.01140661254950431,232.316,0.0,0.4212,15.293,8.1185,3.7402923164661592,65.6342,-1
Wafer-1523,2803.0,0.0,-0.01189727129326208,232.742,-0.1419,0.82765,37.592,11.6075,7.530015723287247,149.169,1
Wafer-1524,2910.0,0.0,-0.015570331491024735,232.433,0.0,0.7575,17.724,7.2832,3.549705514253816,60.2856,-1
Wafer-1525,2855.0,0.0,-0.011284540292471903,233.723,-0.1419,0.1965,28.84,11.8301,5.925981108412851,91.1204,-1
Wafer-1526,2871.0,0.0001,-0.012144028601001753,234.41329898491074,-0.1419,0.1941,17.219,8.5,3.190032955184526,58.2232,-1
Wafer-1527,2820.0,-0.0002,-0.01140661254950431,233.027,0.0,0.4326,28.587,9.9422,6.752627596089668,81.0076,-1
Wafer-1528,2855.0,0.0002,-0.010919738402164323,234.41329898491074,-0.1419,0.2687,29.948,11.4321,6.57993158414368,80.4748,1
Wafer-1529,2843.0,0.0002,-0.011528921342869019,234.028,-0.8515,0.5289,22.942,8.2114,6.6698,51.4759,-1
Wafer-1530,2874.0,-0.0001,-0.011528921342869019,230.383,-0.8515,0.5061,19.354,8.8727,5.145233843641798,76.7855,-1
Wafer-1531,2885.0,-0.0001,-0.012765114817632534,234.41329898491074,-0.8515,0.82765,21.738,6.4353,3.6474429258422223,58.2668,-1
Wafer-1532,2821.0,-0.0002,-0.015310358852996012,232.773,-1.0087960855503724,0.4529022150409923,27.236,12.1062,6.303511103097318,68.33246755539835,-1
Wafer-1533,2864.0,0.0,-0.010316425610501005,231.14,0.0,0.4915,14.104,7.9536,3.1012227148790465,68.8833,-1
Wafer-1534,2829.0,-0.0004,-0.013015235742913496,234.41329898491074,-0.1419,0.2046,30.347,8.6267,6.1216,83.2242,-1
Wafer-1535,2804.0,-0.0001,-0.016356295193570125,231.225,-1.1865382271165785,0.5108307895003069,20.963,7.9584,5.355868422786147,81.54746365485033,-1
Wafer-1536,2883.0,0.0004,-0.009481547397218494,233.033,-0.9934,0.3615,13.879,8.2323,2.4579328835771532,84.7734,-1
Wafer-1537,2874.0,0.0002,-0.011284540292471903,231.326,-0.9813001387817408,0.5020742167077188,18.859,10.7159,6.5760168927305065,69.4019218425608,-1
Wafer-901,2846.0,-0.0001,-0.013266325663997146,231.553,-3.025,0.82765,26.498,8.3672,5.2264504984835005,60.1152,-1
Wafer-902,2852.0,-0.0001,-0.01140661254950431,232.2396229341574,-3.025,0.4245,34.652,11.5982,6.8843628664454775,61.9367,-1
Wafer-903,2846.0,0.0002,-0.009957233248636977,230.788,-3.025,0.4381,27.655,8.8828,6.189921804738065,77.0389,-1
Wafer-904,2846.0,0.0,-0.011162704137674607,230.862,-1.135,0.515,25.256,9.3879,5.242846107691185,42.5564,-1
Wafer-905,2845.0,-0.0002,-0.014280446719174819,231.07,-3.496,0.4772,30.765,9.9157,6.332433875626067,79.075,-1
Wafer-906,2837.0,0.0,-0.015310358852996012,232.119,-3.496,0.205,26.387,8.6084,6.4638690114468496,59.8899,-1
Wafer-907,2846.0,-0.0002,-0.010798607957021061,231.59486890215706,-3.496,0.4158,26.645,10.0281,6.181668383474053,80.668,-1
Wafer-908,2844.0,0.0002,-0.012640416618873987,231.53087710457413,-3.025,0.4814,24.433,8.7905,5.3967,91.6013,-1
Wafer-909,2839.0,0.0,-0.013644785206574271,232.13,-3.025,0.52,25.988,8.2923,6.464165159102601,80.137,-1
Wafer-910,2832.0,0.0001,-0.011284540292471903,231.38126688816328,-3.025,0.82765,28.244,7.5911,5.552278648135182,70.5775,-1
Wafer-911,2843.0,-0.0001,-0.016488175675362274,231.255,-1.702,0.4142,25.842,8.1459,6.238311238999191,57.9181,-1
Wafer-912,2852.0,0.0,-0.013015235742913496,231.6993999141375,-3.025,0.3884,30.609,9.8406,8.7006,62.044,-1
Wafer-913,2832.0,-0.0001,-0.01339223511040142,231.60133741410843,-3.496,0.82765,30.758,7.7131,5.012595968545443,93.4114,-1
Wafer-914,2859.0,-0.0003,-0.015051387712002576,231.66997113784177,-2.647,0.5016,30.816,10.7729,6.857463981749494,59.2584,-1
Wafer-915,2852.0,0.0,-0.012515959339152288,231.393,-3.025,0.4737,30.468,9.4706,6.7457,37.909,-1
Wafer-916,2842.0,0.0002,-0.012144028601001753,231.4525607369769,-3.732,0.4202,27.086,7.8519,3.7305,77.8744,-1
Wafer-917,2867.0,-0.0006,-0.01596217629590554,231.72,-3.732,0.4062,27.544,9.5126,5.419760798799923,71.2478,-1
Wafer-918,2854.0,0.0001,-0.01289005437789906,230.609,-3.732,0.2106,31.687,10.2913,7.8421,153.8167,-1
Wafer-919,2889.0,-0.0002,-0.011528921342869019,232.34136563672354,-3.496,0.2294,30.321,7.2267,5.5873,53.55,-1
Wafer-920,2867.0,0.0,-0.01189727129326208,232.1281709081804,-3.732,0.388,26.401,9.0162,6.864915464306699,66.9241,-1
Wafer-921,2858.0,-0.0001,-0.015051387712002576,231.82401229523794,-3.732,0.3645,29.837,10.0314,5.961056629811294,54.6707,-1
Wafer-922,2852.0,0.0002,-0.01140661254950431,231.291,-3.732,0.3986,29.645,10.5077,7.242503352264817,61.1,-1
Wafer-923,2846.0,-0.0001,-0.009481547397218494,231.675,-2.647,0.2743,26.913,8.1228,4.5221,70.225,-1
Wafer-924,2843.0,-0.0006,-0.011774250278760608,230.424,-3.591,0.82765,26.272,8.1666,6.262229567348394,76.76,-1
Wafer-925,2854.0,-0.0003,-0.014408317411384722,231.62926296195394,-3.025,0.82765,30.992,9.6216,7.8531,59.0181,-1
Wafer-926,2851.0,-0.0001,-0.014152822758452616,230.854,-3.732,0.3894,30.453,10.4625,6.3413,77.1069,-1
Wafer-927,2846.0,0.0001,-0.012391742536763797,230.77,-2.647,0.4191,26.806,8.9285,6.547975552339943,39.1953,-1
Wafer-928,2867.0,0.0,-0.013518388142226223,229.807,-2.647,0.4084,32.241,9.5914,5.124096919460928,116.451,-1
Wafer-929,2872.0,0.0,-0.01479341440650841,231.9139791981911,-3.732,0.3885,27.984,8.9086,4.9035,51.2294,-1
Wafer-930,2842.0,-0.0001,-0.015180748324513263,231.295,-3.591,0.82765,25.94,8.2454,5.332082152258127,93.7883,-1
Wafer-931,2836.0,0.0008,-0.012640416618873987,232.00377234303087,-3.591,0.82765,22.183,8.9252,7.674390407565224,42.431,-1
Wafer-932,2848.0,0.0001,-0.012765114817632534,231.63139079725943,-3.591,0.82765,24.257,7.9432,4.995912185788439,57.8952,-1
Wafer-933,2832.0,0.0002,-0.012640416618873987,232.196,-3.591,0.5938,27.678,8.7793,5.8701170925571935,75.0955,-1
Wafer-934,2859.0,-0.0001,-0.01479341440650841,231.7185560080452,-2.647,0.3224,30.176,8.7558,5.6418,45.3967,-1
Wafer-935,2852.0,0.0002,-0.012144028601001753,231.67487243465726,-3.779,0.2581,32.282,9.8018,6.5694,118.39,-1
Wafer-936,2842.0,0.0001,-0.011162704137674607,231.203,-3.779,0.3388,24.954,8.0097,3.6293,71.6586,-1
Wafer-937,2842.0,0.0,-0.012765114817632534,231.54927483903768,-3.732,0.4147,26.121,8.4021,6.2567,59.7541,-1
Wafer-938,2832.0,-0.0002,-0.011528921342869019,231.48,-3.591,0.5134,27.197,8.3272,4.3984270477870515,66.7027,-1
Wafer-939,2851.0,-0.0004,-0.013771426751324641,231.66811077363346,-3.779,0.2949,30.553,9.837,7.5279,66.9304,-1
Wafer-940,2851.0,-0.0001,-0.012267765770770893,231.1,-3.591,0.4872,30.625,9.9129,6.6103,80.5731,-1
Wafer-941,2839.0,0.0002,-0.014152822758452616,232.18203929572593,-2.647,0.4182,26.082,8.3966,4.5228,92.2568,-1
Wafer-942,2852.0,0.0001,-0.01140661254950431,231.61228825490605,-3.779,0.2519,31.147,8.8328,4.3649,71.3112,-1
Wafer-943,2846.0,0.0,-0.012391742536763797,231.774542986752,-2.647,0.2175,26.006,7.9496,4.5398,74.4233,-1
Wafer-944,2855.0,0.0,-0.01453643528764632,230.826,-3.591,0.5101,32.912,10.4902,7.1852,66.8342,-1
Wafer-945,2837.0,0.0,-0.01189727129326208,232.76,-3.779,0.2367,25.631,9.0749,7.80550778003139,92.1585,-1
Wafer-946,2832.0,0.0001,-0.014025445077438102,231.54605279809513,-3.779,0.2885,25.506,8.4972,4.8368,71.6853,-1
Wafer-947,2844.0,0.0001,-0.010798607957021061,231.41,-3.591,0.3364,29.897,9.344,5.898309759166698,86.8472,-1
Wafer-948,2858.0,-0.0001,-0.013015235742913496,232.008473827687,-2.647,0.3618,25.015,8.4854,5.795484060522868,66.4803,-1
Wafer-949,2847.0,0.0003,-0.010557049756510268,230.766,-3.591,0.4368,29.751,10.0463,5.953450433838161,83.9089,-1
Wafer-950,2845.0,0.0002,-0.01019646273628378,230.878,-3.779,0.508,32.58,9.96,6.06569594360835,40.509,-1
Wafer-951,2832.0,0.0001,-0.01140661254950431,231.925,-3.591,0.82765,27.505,8.2535,4.752435720787595,67.5599,-1
Wafer-952,2844.0,0.0001,-0.012765114817632534,232.0985567582068,-3.591,0.3736,25.769,8.089,6.15236130954676,45.8065,-1
Wafer-953,2844.0,0.0,-0.013266325663997146,231.254,-3.591,0.4643,25.409,10.1734,6.772632408504022,29.3279,-1
Wafer-954,2857.0,0.0002,-0.010436621141209437,230.79,-3.591,0.82765,22.863,9.2099,4.783162350841604,64.489,-1
Wafer-955,2845.0,0.0003,-0.010919738402164323,230.725,-3.591,0.5878,25.39,8.1686,5.678996833612765,52.2875,-1
Wafer-956,2843.0,0.0,-0.014280446719174819,233.036,-2.647,0.5194,29.453,9.6698,7.313829749340381,43.9243,-1
Wafer-957,2855.0,-0.0001,-0.014408317411384722,230.777,-3.732,0.5939,31.07,10.4942,5.581642708004597,92.8048,-1
Wafer-958,2852.0,-0.0002,-0.011528921342869019,231.921723872141,-3.732,0.5956,31.303,9.9991,7.1001,77.2746,-1
Wafer-959,2854.0,0.0001,-0.012765114817632534,230.367,-3.591,0.4046,28.716,9.0955,6.8939,64.6559,-1
Wafer-960,2837.0,-0.0002,-0.011774250278760608,231.347,-3.591,0.4264,25.854,9.3772,8.634019706253667,64.9312,-1
Wafer-961,2852.0,0.0001,-0.011284540292471903,231.95036848031413,-3.732,0.3987,31.985,11.8755,7.9999,50.9262,-1
Wafer-962,2843.0,0.0002,-0.013140659356685779,232.054,-3.591,0.82765,30.316,9.9473,5.535267951792666,53.3575,-1
Wafer-963,2846.0,0.0001,-0.010316425610501005,231.64545509363887,-3.732,0.5532,25.301,9.9046,6.618568779208818,51.2785,-1
Wafer-964,2847.0,0.0003,-0.011651467107418271,231.69382967808573,-3.732,0.4066,30.794,10.6947,6.739784007295888,51.7556,-1
Wafer-965,2855.0,0.0001,-0.012020530588047515,229.526,-3.732,0.2206,32.328,10.4895,5.899284679605931,55.8701,-1
Wafer-966,2863.0,0.0,-0.01140661254950431,232.512,-2.647,0.2115,27.105,5.733400000000002,6.292293201223058,89.1671,-1
Wafer-967,2861.0,-0.0001,-0.01104110365176902,231.70752902906395,-3.732,0.5514,33.424,8.3741,4.9655907053617545,108.106,-1
Wafer-968,2843.0,0.0001,-0.012515959339152288,232.74,-3.732,0.3799,26.449,8.5237,6.860639168350485,76.991,-1
Wafer-969,2851.0,0.0008,-0.005252197183322676,230.473,-3.732,0.5817,32.457,9.8375,5.795192857461408,36.6397,1
Wafer-970,2839.0,-0.0001,-0.013140659356685779,231.41478767183173,-3.732,0.4837,26.368,8.8462,5.506,76.1079,-1
Wafer-971,2832.0,-0.0004,-0.011774250278760608,229.941,-3.543,0.2996,27.127,7.9876,5.91467346552616,65.7748,-1
Wafer-972,2863.0,0.0,-0.012144028601001753,231.97341564030052,-3.543,0.4419,33.0551,9.4935,5.232691416050894,87.6401,-1
Wafer-973,2839.0,0.0002,-0.00854117345532601,231.57204941693087,-3.543,0.4527,24.279,8.5979,6.256649220460061,61.6673,-1
Wafer-974,2836.0,-0.0001,-0.013771426751324641,230.457,-3.543,0.3909,28.34,9.9354,5.566787313354773,71.2081,-1
Wafer-975,2847.0,-0.0005,-0.01339223511040142,231.57524103484968,-3.543,0.4138,31.91,9.6937,6.498095925552787,53.3303,-1
Wafer-976,2859.0,-0.0001,-0.01140661254950431,228.99,-2.93,0.4559,32.077,11.7243,6.279587837644233,59.7526,1
Wafer-977,2842.0,0.0001,-0.013266325663997146,230.063,-3.543,0.4854,27.204,8.0556,6.125153620761428,47.8735,-1
Wafer-978,2843.0,-0.0006,-0.014408317411384722,231.6391032312152,0.0,0.82765,29.991,9.5222,9.573701356773595,64.1202,1
Wafer-979,2832.0,0.0002,-0.01140661254950431,231.3669115951188,-2.93,0.82765,25.754,8.5062,6.6849,67.8534,-1
Wafer-980,2852.0,-0.0002,-0.01479341440650841,232.08064956754515,-2.93,0.82765,28.83,12.518999999999998,6.9307,64.9952,-1
Wafer-981,2852.0,0.0001,-0.012640416618873987,230.167,-2.93,0.366,32.094,11.0396,7.141888845379382,49.4564,1
Wafer-982,2842.0,0.0003,-0.009245084249041127,231.54631161963968,-3.166,0.3281,32.024,8.1633,4.0636,43.0773,-1
Wafer-983,2837.0,0.0002,-0.009245084249041127,232.09,-3.543,0.4648,25.414,8.7834,4.9451,81.0664,-1
Wafer-984,2847.0,0.0006,-0.005252197183322676,231.533,-3.166,0.7081,25.395,7.9622,3.8865014786146235,88.2129,-1
Wafer-985,2847.0,0.0,-0.010798607957021061,231.7296142758451,-3.449,0.3493,25.635,8.9685,3.8676,33.4114,-1
Wafer-986,2832.0,-0.0006,-0.013898313225134048,231.48998242401262,-2.93,0.6139,26.194,8.7312,5.7563,33.0056,-1
Wafer-987,2857.0,0.0001,-0.011528921342869019,230.816,-3.449,0.3941,33.943,9.5876,5.7597,49.1501,-1
Wafer-988,2849.0,-0.0002,-0.012640416618873987,231.70511630706434,-3.449,0.211,30.918,8.5476,6.337084741902761,59.2503,-1
Wafer-989,2845.0,0.0001,-0.01104110365176902,231.71928924647685,-3.449,0.698,29.156,10.5082,7.0381,52.4318,-1
Wafer-990,2836.0,0.0001,-0.012765114817632534,231.163,-3.543,0.82765,30.013,8.9998,6.244470649368915,50.3886,-1
Wafer-991,2854.0,0.0001,-0.012267765770770893,230.818,-2.789,0.4145,31.942,9.9744,6.8457,59.1167,-1
Wafer-992,2847.0,-0.0001,-0.014408317411384722,230.385,-2.789,0.82765,31.8149,9.9703,7.663560693256062,70.637,1
Wafer-993,2845.0,0.0,-0.011774250278760608,231.214,-2.93,0.82765,26.3,8.1525,3.9385634107355596,55.9769,-1
Wafer-994,2843.0,0.0001,-0.012515959339152288,231.077,-2.93,0.3447,27.022,8.8168,6.652260308345787,75.4946,-1
Wafer-995,2847.0,0.0002,-0.01140661254950431,230.897,-2.789,0.82765,30.272,10.1091,8.230538551230008,46.9657,1
Wafer-996,2847.0,-0.0008,-0.015570331491024735,231.94633076020716,0.0,0.3699,22.239,8.6722,3.2681,88.4546,-1
Wafer-997,2847.0,0.0,-0.011528921342869019,231.423,-3.119,0.3414,29.181,10.0262,7.213666133259534,123.643,-1
Wafer-998,2842.0,-0.0001,-0.014280446719174819,230.923,-3.119,0.3976,28.5551,8.4742,6.053271250516013,113.603,-1
Wafer-999,2816.0,0.0003,-0.012391742536763797,231.923,-3.119,0.82765,24.2,8.9083,6.133246580914098,65.8691,-1
Wafer-1000,2861.0,-0.0008,-0.016093295967919346,231.88181420850114,0.0,0.82765,25.953,10.0099,9.573701356773595,62.3526,-1
Wafer-801,2887.0,0.0002,-0.011651467107418271,232.465,-0.4258,0.3048,25.466,8.6863,6.2091,80.3982,-1
Wafer-802,2860.2062628513704,0.0,-0.01019646273628378,231.85113510984743,-0.1419,0.4588,31.159,9.7813,4.1085,153.8167,1
Wafer-803,2863.0,0.0,-0.010798607957021061,232.496,0.0,0.419,27.896,8.9128,6.0441,153.8167,-1
Wafer-804,2887.0,0.0,-0.011284540292471903,231.142,0.0,0.507,26.187,9.4316,5.4152,109.132,-1
Wafer-805,2858.0,-0.0001,-0.011774250278760608,231.79494695024687,0.0,0.3687,27.929,9.1378,7.5216623187705425,153.8167,-1
Wafer-806,2855.0,-0.0001,-0.012267765770770893,232.403,0.0,0.4143,26.451,9.2436,6.055966857013665,118.576,-1
Wafer-807,2873.0,0.0002,-0.014025445077438102,231.91642229824615,0.7096,0.4686,28.849,8.9055,6.741719296299352,90.5824,1
Wafer-808,2862.0,0.0,-0.011528921342869019,231.89084150186065,0.0,0.3654,25.139,9.0872,6.550121960047175,79.7329,-1
Wafer-809,2855.0,0.0,-0.012765114817632534,233.342,0.7096,0.2378,26.363,9.5915,6.153489483026571,122.357,-1
Wafer-810,2858.0,0.0,-0.01140661254950431,231.68000463087276,0.7096,0.4763,33.282,11.7644,7.1871,53.6245,1
Wafer-811,2862.0,0.0003,-0.011774250278760608,231.76282123584082,0.7096,0.2941,30.345,9.4435,6.6601,54.5852,1
Wafer-812,2865.0,0.0002,-0.011162704137674607,232.12046889535796,0.7096,0.4312,27.636,9.3375,5.9207,108.596,1
Wafer-813,2856.0,0.0,-0.011162704137674607,233.078,0.7096,0.2446,28.193,8.9504,5.988583103488257,99.6334,-1
Wafer-814,2863.0,0.0,-0.01289005437789906,231.66,0.7096,0.367,26.347,8.2877,5.8602,134.422,-1
Wafer-815,2855.0,0.0,-0.00854117345532601,231.8265464947474,0.0,0.6192,21.24,7.6421,4.0576,74.911,-1
Wafer-816,2850.0,0.0,-0.015570331491024735,231.477,-1.229,0.4427,35.894,12.518999999999998,7.970775447395151,137.084,1
Wafer-817,2862.0,0.0,-0.012020530588047515,231.816,0.0,0.2308,28.223,6.833336118494849,6.1664446972619995,85.2863,-1
Wafer-818,2858.0,0.0001,-0.010557049756510268,232.987,0.4731,0.4699,27.443,9.7472,6.260598987291487,111.136,-1
Wafer-819,2858.0,-0.0003,-0.01339223511040142,231.8084343749332,-0.4731,0.82765,25.024,9.081,6.318761042952448,84.3146,-1
Wafer-820,2858.0,-0.0001,-0.01479341440650841,231.78031774858974,-0.4731,0.82765,26.852,9.9678,7.134781591352157,51.9008,-1
Wafer-821,2867.0,0.0001,-0.012391742536763797,232.97,-0.8515,0.3593,27.313,9.66,5.66046464901665,69.2594,-1
Wafer-822,2843.0,-0.0008,-0.014408317411384722,231.55550841862436,-0.8515,0.387,29.015,11.1396,8.2857,104.044,1
Wafer-823,2858.0,0.0,-0.011528921342869019,232.35,-0.0946,0.3609,34.379,12.518999999999998,8.1107,89.027,1
Wafer-824,2843.0,-0.0001,-0.015570331491024735,231.512,-0.8515,0.4097,28.434,9.5371,5.296856560884394,114.857,-1
Wafer-825,2844.0,0.0,-0.00936320119394825,231.7021495914498,0.7096,0.3718,21.812,8.4095,5.5983,132.98,-1
Wafer-826,2887.0,0.0,-0.01289005437789906,232.185,-0.0946,0.4005,24.609,8.8329,3.566,68.0702,-1
Wafer-827,2858.0,-0.0008,-0.020146705638878267,232.1911544876944,0.7096,0.4182,20.816,11.3763,7.159458512152096,120.684,-1
Wafer-828,2871.0,0.0003,-0.011528921342869019,231.90064358135004,0.4731,0.2273,28.353,9.5846,6.586708320913638,135.007,1
Wafer-829,2860.0,-0.0003,-0.016093295967919346,231.934,-0.5677,0.4368,31.056,12.518999999999998,9.4058,73.7245,1
Wafer-830,2860.0,0.0,-0.016093295967919346,231.202,-0.5677,0.4255,32.71,12.518999999999998,6.7733,104.489,1
Wafer-831,2849.0,0.0,-0.011651467107418271,231.888,-0.5677,0.3801,21.915,7.3092,4.249106184094066,118.508,-1
Wafer-832,2872.0,0.0005,-0.008308351570615855,232.04183727029837,-0.5677,0.4123,19.352,12.518999999999998,6.3961941000348075,116.608,1
Wafer-833,2859.0,0.0,-0.00912719614104808,232.05735876277177,-0.5677,0.4535,32.741,12.518999999999998,8.1603,136.486,1
Wafer-834,2835.0,-0.0003,-0.013898313225134048,231.5317188034081,-0.1419,0.6752,23.571,8.837,4.223415536965301,66.6765,-1
Wafer-835,2855.0,0.0003,-0.00936320119394825,233.02,-0.5677,0.436,22.991,8.8223,4.2988,61.8583,-1
Wafer-836,2885.0,0.0001,-0.010436621141209437,232.0857649803325,-0.8988,0.4243,25.546,9.4817,6.572529283461294,72.2228,-1
Wafer-837,2865.0,-0.0003,-0.015310358852996012,231.88387577726536,-0.1419,0.82765,26.209,9.5716,6.741074083020922,69.0847,-1
Wafer-838,2837.0,-0.0003,-0.01570069451913131,231.4712568133655,0.0,0.3187,24.789,9.845,5.222008206587619,59.8634,-1
Wafer-839,2811.0,-0.0002,-0.01453643528764632,232.611,-0.8988,0.82765,26.177,9.8671,7.9704532951572515,72.7769,-1
Wafer-840,2843.0,-0.0006,-0.013898313225134048,231.76661168486993,-0.1419,0.82765,28.823,9.002,7.9975,52.3669,-1
Wafer-841,2851.0,0.0002,-0.012515959339152288,231.83,-0.1419,0.4375,32.835,12.518999999999998,9.573701356773595,57.178,1
Wafer-842,2843.0,-0.0002,-0.01622466877924892,232.139,-0.1419,0.82765,28.886,9.9744,6.0599,97.6929,1
Wafer-843,2848.0,-0.0001,-0.012020530588047515,231.15,-0.8988,0.3958,27.043,9.7953,7.362964289605217,62.4628,-1
Wafer-844,2861.0,-0.0003,-0.014922276558168846,232.23299132202087,-0.1419,0.4045,26.338,8.8825,6.4281,101.441,-1
Wafer-845,2843.0,-0.0004,-0.015570331491024735,231.88072715504015,-1.56,0.4647,29.317,7.5482,7.6577,65.8016,-1
Wafer-846,2816.0,-0.0003,-0.016356295193570125,231.23192909641907,-0.8988,0.6568,24.648,7.9552,4.7505,62.8319,-1
Wafer-847,2867.0,-0.0005,-0.014922276558168846,231.874925187048,-1.56,0.4787,29.203,9.9253,7.143457951079019,51.6688,-1
Wafer-848,2861.0,0.0,-0.01189727129326208,231.85661883728352,0.0,0.4583,26.344,7.9882,5.175331890935602,55.2515,-1
Wafer-849,2837.0,0.0004,-0.013140659356685779,231.79600226937106,-1.56,0.82765,21.923,8.5338,5.52847848555736,60.3684,-1
Wafer-850,2861.0,-0.0005,-0.015310358852996012,230.956,-1.56,0.4594,25.091,9.14,5.831896984562191,60.8701,-1
Wafer-851,2816.0,-0.0004,-0.015051387712002576,231.794,0.0,0.4878,21.925,9.081,5.78191942079773,57.2843,-1
Wafer-852,2867.0,-0.0002,-0.013644785206574271,231.7765853216219,-1.56,0.4675,31.034,9.732,5.243426483912621,71.9538,-1
Wafer-853,2837.0,-0.0001,-0.013898313225134048,231.697,-1.56,0.3648,25.409,8.2633,6.277765766977034,63.5157,-1
Wafer-854,2859.0,-0.0001,-0.01479341440650841,231.89841478330288,-0.5677,0.231,32.3,10.0031,7.1041,46.7895,-1
Wafer-855,2872.0,0.0007,-0.013898313225134048,231.97788554728442,0.0,0.4821,28.742,9.0371,4.4685,44.2718,-1
Wafer-856,2846.0,0.0,-0.01019646273628378,231.9,0.0473,0.82765,23.974,8.3673,5.116098637828049,66.3518,-1
Wafer-857,2867.0,0.0,-0.014408317411384722,231.78770508490203,0.0,0.501,27.989,9.2345,6.6907780541182555,57.8646,-1
Wafer-858,2846.0,-0.0004,-0.013898313225134048,231.91698044997804,0.0473,0.4765,26.863,9.7387,6.8121383012239365,66.6712,-1
Wafer-859,2839.0,-0.0003,-0.016620310689909497,230.642,0.0473,0.4576,24.643,7.9187,5.741055441634103,73.4051,-1
Wafer-860,2855.0,0.0,-0.01289005437789906,231.75555892099354,0.0473,0.82765,31.706,11.0901,4.6015,73.6418,-1
Wafer-861,2855.0,0.0,-0.012267765770770893,231.78702070130137,0.0473,0.82765,33.21,9.9203,6.7186,54.9686,1
Wafer-862,2871.0,0.0,-0.01479341440650841,232.065501864646,0.0,0.82765,23.887,9.1863,5.001982197171825,94.3312,-1
Wafer-863,2845.0,0.0,-0.012515959339152288,230.96,-0.4258,0.4743,23.234,8.2887,5.62161073637269,80.772,-1
Wafer-864,2816.0,0.0001,-0.015440219755539015,232.206,0.0,0.82765,22.668,9.0816,5.227163846344771,47.3104,-1
Wafer-865,2863.0,-0.0004,-0.015570331491024735,231.578,0.0,0.3868,31.563,10.2953,5.599327728925069,52.5441,-1
Wafer-866,2839.0,-0.0003,-0.013518388142226223,231.53753038437247,0.0,0.3986,25.136,8.4618,5.763434581842033,68.8955,-1
Wafer-867,2863.0,0.0,-0.013266325663997146,231.778,0.0,0.4345,25.071,8.2401,6.017797868227403,38.9245,-1
Wafer-868,2858.0,-0.0002,-0.016093295967919346,231.057,0.0473,0.82765,22.215,9.5871,5.247176823003396,62.3254,-1
Wafer-869,2857.0,0.0,-0.013771426751324641,231.65420590104873,0.0473,0.82765,24.267,8.6226,5.229429409981603,40.1318,-1
Wafer-870,2872.0,-0.0002,-0.014152822758452616,232.116,-0.5677,0.4488,27.488,8.3469,5.6702,63.0743,-1
Wafer-871,2837.0,0.0,-0.013140659356685779,231.5130268375446,-1.608,0.3844,24.686,8.8083,5.200053604043723,68.9414,-1
Wafer-872,2837.0,-0.0008,-0.013140659356685779,231.6358479997906,0.0473,0.82765,26.817,8.1703,4.6386,56.2076,-1
Wafer-873,2863.0,-0.0003,-0.013771426751324641,230.611,-1.608,0.4697,32.542,9.2383,5.011572425559986,41.6241,-1
Wafer-874,2844.0,-0.0001,-0.01339223511040142,231.365,-1.608,0.5132,25.011,7.7064,7.3230276794702585,73.396,-1
Wafer-875,2839.0,0.0001,-0.01453643528764632,231.524,-0.4258,0.5075,27.587,8.8571,4.955363201690627,64.6523,-1
Wafer-876,2859.0,-0.0002,-0.01453643528764632,231.75636951346937,-0.4258,0.82765,31.04,10.797,6.513115168453433,120.113,1
Wafer-877,2855.0,-0.0002,-0.014025445077438102,231.71293882667996,0.0473,0.4586,31.6089,9.4725,6.8255,48.241,-1
Wafer-878,2837.0,0.0,-0.015570331491024735,231.372,-1.608,0.4227,26.693,9.0386,5.253467006584069,51.7145,-1
Wafer-879,2846.0,0.0,-0.014408317411384722,232.38895134047445,-1.608,0.4236,25.464,8.4787,6.0857,73.4553,-1
Wafer-880,2863.0,-0.0001,-0.014025445077438102,231.615,-1.608,0.3216,32.856,10.234,5.122393196372548,45.2247,-1
Wafer-881,2842.0,-0.0002,-0.01479341440650841,231.58893869204277,-0.4258,0.5081,26.814,6.9482,3.1668,33.0195,-1
Wafer-882,2852.0,0.0008,-0.015180748324513263,231.88779731626,-1.135,0.4981,29.853,8.921,7.3121,97.7071,1
Wafer-883,2867.0,-0.0004,-0.01596217629590554,231.87388507838787,-1.135,0.4185,24.906,7.6672,8.3015,58.4407,-1
Wafer-884,2846.0,0.0002,-0.013140659356685779,231.52465440103387,-1.135,0.53,28.372,7.8739,4.1901,71.2799,-1
Wafer-885,2867.0,0.0,-0.015570331491024735,232.423,0.0,0.82765,27.913,9.2742,7.3913194458729015,88.1658,1
Wafer-886,2845.0,0.0002,-0.011162704137674607,230.321,-1.797,0.4554,24.644,8.5932,6.524025196112597,61.5215,-1
Wafer-887,2845.0,0.0002,-0.012640416618873987,230.641,-1.797,0.4057,25.756,8.6112,5.915030168643663,49.0564,-1
Wafer-888,2845.0,0.0002,-0.01289005437789906,230.363,-1.797,0.4442,31.592,9.4075,6.445945317930774,66.8263,1
Wafer-889,2845.0,-0.0002,-0.013266325663997146,231.235,-1.797,0.4148,25.928,8.0577,5.091913371980628,57.9488,-1
Wafer-890,2839.0,-0.0001,-0.01189727129326208,231.227,-1.797,0.5782,26.257,8.6083,5.205014471410176,68.4944,-1
Wafer-891,2858.0,0.0,-0.014408317411384722,232.123,-3.496,0.4059,32.47,12.518999999999998,8.7981,99.4806,-1
Wafer-892,2851.0,0.0002,-0.014280446719174819,229.72,-3.496,0.5049,30.803,10.5578,6.606316566269577,91.7467,-1
Wafer-893,2839.0,-0.0001,-0.01622466877924892,231.724,-3.496,0.1756,25.728,8.0129,5.249863302776922,106.923,-1
Wafer-894,2860.0,0.0,-0.010316425610501005,234.243,-3.496,0.45,43.733000000000004,12.518999999999998,1.3384991859358433,57.1059,-1
Wafer-895,2872.0,0.0004,-0.005252197183322676,232.015,-0.4258,0.5178,27.945,8.6944,6.7157,76.9554,1
Wafer-896,2863.0,-0.0001,-0.012144028601001753,231.037,-1.135,0.4738,34.18,9.3471,5.9329789717865635,40.7006,-1
Wafer-897,2867.0,-0.0003,-0.015831309300333808,231.807,0.0,0.82765,28.279,9.4011,7.174509697497785,63.5419,1
Wafer-898,2837.0,-0.0003,-0.014280446719174819,231.64058770698477,-3.496,0.4258,27.773,9.5825,6.4400518838720275,75.6782,-1
Wafer-899,2863.0,-0.0002,-0.011284540292471903,231.82522378430338,-3.496,0.4622,27.276,8.65,5.857339066736251,41.2846,-1
Wafer-900,2867.0,-0.0001,-0.01479341440650841,230.911,-1.135,0.3886,29.462,9.3674,5.345089644418865,74.0405,-1
Wafer-1401,2876.0,0.0001,-0.014025445077438102,232.10779259415608,0.0,0.3104,17.163,8.0023,3.5183250647693267,64.3401,-1
Wafer-1402,2869.0,0.0001,-0.012765114817632534,230.373,0.0,0.3424,18.968,9.3261,4.45775720675831,54.3337,-1
Wafer-1403,2803.0,-0.0001,-0.011162704137674607,234.41329898491074,0.2365,0.5729,29.454,11.1504,6.025513899695295,37.5952,-1
Wafer-1404,2873.0,-0.0001,-0.013140659356685779,230.367,-1.797,0.7999,16.639,7.6285,3.4526,56.4662,-1
Wafer-1405,2888.0,0.0001,-0.008774900635052027,234.41329898491074,0.0,0.516,20.097,9.167,4.547800195605402,83.3323,-1
Wafer-1406,2871.0,0.0001,-0.013015235742913496,234.41329898491074,-0.3311,0.4457,17.779,11.3784,6.3115,64.297,-1
Wafer-1407,2877.0,0.0,-0.012765114817632534,231.209,-0.9461,0.3758,17.022,8.0006,3.1298,112.239,-1
Wafer-1408,2869.0,-0.0002,-0.010557049756510268,233.41,0.0,0.3008,17.425,8.278,3.5818,63.385,-1
Wafer-1409,2820.0,0.0,-0.012765114817632534,234.052,0.3784,0.4527,32.175,11.363,6.2330264074101995,115.608,1
Wafer-1410,2876.0,-0.0002,-0.01339223511040142,234.41329898491074,0.0,0.5634,17.2141,7.3342,3.926458273022842,51.9177,-1
Wafer-1411,2820.0,-0.0001,-0.014025445077438102,234.41329898491074,0.0,0.2986,30.136,12.0196,6.643834957181235,55.3529,-1
Wafer-1412,2829.0,-0.0003,-0.015180748324513263,234.135,0.0,0.5956,24.947,7.7365,4.249109500517505,63.7584,-1
Wafer-1413,2803.0,0.0002,-0.012391742536763797,234.41329898491074,0.0,0.4943,27.544,10.5492,6.169760912396747,68.9387,-1
Wafer-1414,2816.0,0.0003,-0.00936320119394825,234.41329898491074,-0.3311,0.3053,29.783,11.6115,6.863329022080628,55.5862,1
Wafer-1415,2861.0,-0.0006,-0.010316425610501005,233.857,0.0,0.3554,17.065,10.1164,5.127671741133781,58.3955,-1
Wafer-1416,2882.0,-0.0002,-0.013644785206574271,234.162,-0.4258,0.2456,17.839,10.0258,6.058699198444644,49.4844,-1
Wafer-1417,2835.0,-0.0002,-0.01289005437789906,231.49507547238693,-0.4258,0.2405,27.143,8.8977,6.130165023643603,62.5752,-1
Wafer-1418,2820.0,-0.0001,-0.012640416618873987,234.112,-0.4258,0.2892,29.885,11.2125,5.781859927867729,41.209,-1
Wafer-1419,2858.0,-0.0003,-0.013771426751324641,234.41329898491074,-0.4258,0.2586,29.891,8.2195,4.684915481346253,68.5437,-1
Wafer-1420,2879.0,-0.0003,-0.014922276558168846,232.059,-0.4258,0.2324,17.909,9.8989,3.5814343380022198,38.6838,-1
Wafer-1421,2819.0,-0.0002,-0.015310358852996012,230.358,-0.4258,0.2499,29.092,11.5123,7.316308503036198,70.3866,1
Wafer-1422,2861.0,-0.0001,-0.010076732091200578,234.41329898491074,0.0,0.4475,19.156,8.1948,4.462582020401767,90.8933,-1
Wafer-1423,2820.0,-0.0002,-0.014664800801308915,234.147,-0.0473,0.3294,29.693,11.2352,5.9671,70.4587,-1
Wafer-1424,2873.0,0.0,-0.014025445077438102,230.509,-0.8515,0.3088,18.194,9.9568,5.5361,48.5633,-1
Wafer-1425,2820.0,-0.0004,-0.01479341440650841,234.41329898491074,-0.0473,0.3841,30.957,11.8087,6.5164,77.574,-1
Wafer-1426,2882.0,-0.0005,-0.016488175675362274,234.41329898491074,-0.0473,0.3672,17.434,11.458,6.7362,58.3819,-1
Wafer-1427,2823.0,0.0,-0.014152822758452616,234.342,-0.0946,0.2733,30.063,10.7836,7.2817,52.5577,-1
Wafer-1428,2882.0,-0.0003,-0.015440219755539015,234.41329898491074,-0.0473,0.5237,17.52,11.9771,6.8591,53.9755,-1
Wafer-1429,2892.0,0.0002,-0.009957233248636977,232.2708692940874,-0.0946,0.3957,18.985,12.518999999999998,9.573701356773595,57.6416,-1
Wafer-1430,2858.0,0.0001,-0.010076732091200578,231.872968951276,-0.7096,0.4669,29.376,8.3026,6.0357,64.0638,-1
Wafer-1431,2854.0,0.0002,-0.009957233248636977,231.132,-0.0473,0.4688,30.106,8.7415,5.5791,46.2727,1
Wafer-1432,2878.0,0.0001,-0.010076732091200578,234.41329898491074,-0.8042,0.5961,18.718,12.2504,9.3934,68.4129,-1
Wafer-1433,2881.0,-0.0001,-0.012640416618873987,233.649,-0.8042,0.2856,23.801,7.7821,5.4824388980823295,69.7984,-1
Wafer-1434,2881.0,-0.0002,-0.014152822758452616,234.41329898491074,-0.8042,0.276,21.235,6.3555,4.308830056033139,90.8822,-1
Wafer-1435,2880.0,0.0,-0.01289005437789906,234.41329898491074,-1.229,0.5866,20.925,8.0673,5.2119172528779565,43.6332,-1
Wafer-1436,2881.0,-0.0002,-0.01339223511040142,233.486,-1.229,0.5576,18.535,7.5666,3.9183302235696074,78.1019,-1
Wafer-1437,2882.0,-0.0006,-0.01622466877924892,234.41329898491074,-0.8042,0.7523,17.349,10.4322,5.2909,98.7296,-1
Wafer-1438,2877.0,0.0002,-0.012640416618873987,232.872,-0.0473,0.5318,15.894,7.8886,4.6651,111.365,-1
Wafer-1439,2880.0,0.0,-0.012515959339152288,233.631,-1.229,0.5995,17.9771,7.6647,5.178478118238989,129.776,-1
Wafer-1440,2824.0,0.0001,-0.014280446719174819,234.41329898491074,-0.0473,0.2103,33.084,11.4154,6.758368875353944,55.8581,1
Wafer-1441,2888.0,-0.0003,-0.01479341440650841,233.219,-0.8042,0.5724,16.953,9.834,4.0011923247100505,69.1439,-1
Wafer-1442,2880.0,0.0,-0.014280446719174819,233.453,-0.1419,0.3999,19.789,6.7996,5.629472962191185,115.823,-1
Wafer-1443,2813.0,0.0001,-0.013771426751324641,234.41329898491074,-0.1419,0.3611,27.796,8.9123,4.869228548588047,89.1765,-1
Wafer-1444,2879.0,0.0,-0.014280446719174819,232.19626419896457,0.0,0.5543,23.753,7.5103,3.0810329502488947,106.959,-1
Wafer-1445,2822.0,0.0,-0.010677711885249871,234.41329898491074,0.0,0.5793,28.688,10.6502,6.098451954896473,63.2119,-1
Wafer-1446,2879.0,-0.0004,-0.01622466877924892,234.096,-1.088,0.3944,22.264,7.0329,4.0233010491255445,33.5296,-1
Wafer-1447,2872.0,-0.0003,-0.01570069451913131,234.41329898491074,0.0,0.6232,17.472,8.7376,3.8487151039676837,36.95,-1
Wafer-1448,2918.0,0.0001,-0.013140659356685779,230.507,-0.7569,0.6292,16.173,9.5027,3.504689320816281,57.2856,-1
Wafer-1449,2876.0,-0.0005,-0.015051387712002576,234.41329898491074,-1.277,0.6719,17.792,9.217,4.73824549872269,41.7125,-1
Wafer-1450,2820.0,0.0003,-0.01189727129326208,234.41329898491074,-1.277,0.6417,28.582,10.6666,6.6807748882054705,66.4438,1
Wafer-1451,2883.0,-0.0001,-0.017018247595022,234.41329898491074,-0.7569,0.6131,21.756,6.875,3.6687244292772387,79.6927,-1
Wafer-1452,2828.0,-0.0002,-0.015440219755539015,234.41329898491074,-1.088,0.3909,32.4821,12.3647,7.3582,50.3169,-1
Wafer-1453,2882.0,-0.0002,-0.014280446719174819,234.41329898491074,-1.088,0.4268,17.936,9.4846,4.7091,47.1907,-1
Wafer-1454,2883.0,-0.0006,-0.015570331491024735,234.41329898491074,-1.088,0.3863,20.797,6.4618,3.3997146673894534,64.4017,-1
Wafer-1455,2883.0,0.0001,-0.010557049756510268,234.41329898491074,-1.088,0.322,18.696,8.8514,4.435193396681323,52.6653,-1
Wafer-1456,2822.0,0.0005,-0.011162704137674607,234.41329898491074,-0.8988,0.4048,31.306,9.0762,6.2342761694644855,59.793,1
Wafer-1457,2852.0,0.0003,-0.01289005437789906,229.325,-0.8988,0.5476,31.553,11.1368,7.148608763807789,36.9776,1
Wafer-1458,2864.0,0.0003,-0.010919738402164323,232.331,-0.9934,0.3485,13.436,7.9608,2.1960245360504933,53.2376,-1
Wafer-1459,2918.0,0.0008,-0.009837965782719825,232.94490567937777,-0.8988,0.368,16.863,9.9286,5.2525520629697215,37.6641,-1
Wafer-1460,2888.0,0.0003,-0.011162704137674607,231.133,-0.8988,0.532,13.503,12.518999999999998,9.573701356773595,44.4643,-1
Wafer-1461,2820.0,-0.0001,-0.013015235742913496,232.84,-0.8988,0.3578,30.943,11.5345,6.006331163979117,117.068,-1
Wafer-1462,2864.0,0.0002,-0.009957233248636977,231.698,-0.8988,0.4975,13.393,7.3579,2.3790903876223615,57.5989,-1
Wafer-1463,2884.0,0.0002,-0.010798607957021061,231.432,-0.9934,0.47,18.3311,9.0072,3.6973229316189906,56.7164,-1
Wafer-1464,2828.0,-0.0001,-0.012144028601001753,233.404,-1.277,0.5864,23.916,7.5621,3.8465188819951104,60.7045,-1
Wafer-1465,2885.0,-0.0001,-0.013266325663997146,234.41329898491074,-0.8988,0.4185,21.851,6.5975,3.9647180134837594,65.4438,-1
Wafer-1466,2861.0,0.0002,-0.011162704137674607,234.41329898491074,0.0,0.5156,18.19,8.0199,4.865650700459343,58.0593,-1
Wafer-1467,2849.0,-0.0004,-0.014152822758452616,232.31798132918797,-0.8988,0.5066,28.193,9.9504,6.953681343220295,68.5202,-1
Wafer-1468,2918.0,-0.0002,-0.012020530588047515,233.665,-0.8988,0.3643,19.124,8.2475,2.765507948706829,78.0209,-1
Wafer-1469,2813.0,-0.0002,-0.014664800801308915,234.41329898491074,-1.277,0.6463,30.565,9.8821,6.6788689481652455,90.1464,-1
Wafer-1470,2803.0,0.0,-0.011284540292471903,229.729,-0.7709,0.5776,30.031,12.518999999999998,7.925032228440037,67.8592,1
Wafer-1471,2852.0,0.0002,-0.010076732091200578,233.962,-0.7709,0.5689,32.559,11.5653,7.344301685285006,57.9329,1
Wafer-1472,2879.0,0.0001,-0.010798607957021061,233.637,-0.7709,0.5144,15.0829,9.5128,3.817016985129701,38.6649,-1
Wafer-1473,2883.0,-0.0003,-0.016488175675362274,233.003,-0.7569,0.623,18.377,9.4667,3.3098750375985704,50.6218,-1
Wafer-1474,2915.0,0.0,-0.013518388142226223,231.456,-0.7709,0.4117,13.448,7.9583,3.1662873834667513,53.3877,-1
Wafer-1475,2879.0,-0.0001,-0.010316425610501005,234.41329898491074,-0.0946,0.3957,21.626,7.6061,4.3477795323489605,59.3067,-1
Wafer-1476,2822.0,-0.0001,-0.015570331491024735,234.41329898491074,-0.0946,0.4144,32.414,9.1479,5.617370090234139,107.386,-1
Wafer-1477,2820.0,-0.0001,-0.013771426751324641,230.571,-0.7709,0.5303,31.062,12.4008,6.73411526381454,54.1005,1
Wafer-1478,2815.0,0.0,-0.011162704137674607,229.545,0.6623,0.2515,30.7469,12.3178,6.116849513516818,82.9691,1
Wafer-1479,2876.0,0.0,-0.012515959339152288,234.402,-0.0946,0.5845,16.172,7.8591,3.5271308631584786,89.0849,-1
Wafer-1480,2831.0,-0.0004,-0.01479341440650841,234.41329898491074,-0.1892,0.5929,29.379,9.0895,6.343693392895245,37.833,-1
Wafer-1481,2843.0,-0.0001,-0.010677711885249871,234.41329898491074,0.6623,0.1907,20.851,7.6172,6.194362056101875,85.7545,-1
Wafer-1482,2884.0,-0.0001,-0.009957233248636977,230.275,-0.8515,0.5656,17.413,8.7772,4.766035880369886,45.0664,-1
Wafer-1483,2876.0,-0.0005,-0.013771426751324641,233.321,-0.9461,0.4787,18.439,7.3427,3.449129515924807,82.3194,-1
Wafer-1484,2883.0,0.0,-0.010436621141209437,230.699,0.6623,0.2551,14.788,8.2812,3.2634357278413333,49.8391,-1
Wafer-1485,2874.0,-0.0002,-0.014280446719174819,232.32622386541192,-0.8515,0.5812,18.211,8.5494,4.933553071471519,54.4243,-1
Wafer-1486,2871.0,0.0004,-0.01140661254950431,234.41329898491074,-0.0946,0.6002,17.775,8.7961,4.1429799082250724,47.6068,-1
Wafer-1487,2883.0,-0.0001,-0.013771426751324641,230.7,0.6623,0.5537,16.494,8.6702,3.4309496611072197,102.8,-1
Wafer-1488,2884.0,-0.0001,-0.013771426751324641,232.24419174132026,-0.0946,0.4142,16.079,8.3872,2.407974267751304,47.5629,-1
Wafer-1489,2876.0,0.0001,-0.012391742536763797,233.6,0.6623,0.4788,17.666,8.1031,4.302643343449171,49.9862,-1
Wafer-1490,2846.0,0.0008,-0.005252197183322676,231.65222181647638,0.3784,0.4047,27.8,8.7968,3.5872,108.07,1
Wafer-1491,2852.0,-0.0003,-0.014025445077438102,231.524,-0.0946,0.3306,31.395,12.518999999999998,7.2445668150902565,33.0482,1
Wafer-1492,2876.0,-0.0001,-0.013518388142226223,233.421,-0.7709,0.5535,17.932,8.3236,4.227128437298717,62.196,-1
Wafer-1493,2820.0,-0.0002,-0.01104110365176902,232.998,0.0,0.3722,30.315,10.9208,6.2277636661924,61.3598,-1
Wafer-1494,2918.0,0.0004,-0.00936320119394825,233.451,-0.1892,0.82765,18.13,8.7339,4.042869224636929,110.491,-1
Wafer-1495,2918.0,0.0001,-0.012267765770770893,230.267,-1.088,0.5808,17.315,8.8629,3.626943010934636,69.3425,-1
Wafer-1496,2883.0,0.0002,-0.013266325663997146,234.247,-1.088,0.1782,23.102,8.619,5.122381051420478,64.4092,-1
Wafer-1497,2803.0,-0.0003,-0.014152822758452616,229.549,-1.088,0.1884,28.127,10.0024,5.567167097503963,96.4263,1
Wafer-1498,2874.0,-0.0004,-0.01479341440650841,230.299,-1.088,0.5158,20.912,10.9077,4.69160353608599,56.513,-1
Wafer-1499,2915.0,0.0003,-0.009957233248636977,231.086,-0.0946,0.4086,15.431,8.5006,2.8568609561483425,59.2522,-1
Wafer-1500,2805.0,0.0,-0.012391742536763797,234.41329898491074,-0.8988,0.3382,25.498,9.7048,6.1042,71.5558,-1
Wafer-1101,2847.0,-0.0001,-0.015051387712002576,230.971,-1.939,0.3814,30.928,9.5251,7.5848039589737875,75.5149,1
Wafer-1102,2834.0,-0.0002,-0.012515959339152288,229.472,-2.458,0.3848,32.136,12.518999999999998,7.376361386864901,73.8462,1
Wafer-1103,2876.0,-0.0003,-0.014922276558168846,230.389,-2.08,0.5558,28.836,9.5012,7.22803251568934,73.2902,1
Wafer-1104,2837.0,0.0005,-0.01140661254950431,230.415,-2.458,0.3072,30.635,10.984,8.8859,86.3974,1
Wafer-1105,2835.0,-0.0003,-0.01675270070330199,229.891,-1.797,0.5161,22.673,8.8745,5.956110700800838,31.7377,-1
Wafer-1106,2842.0,-0.0001,-0.013015235742913496,231.50254770972538,-2.175,0.4059,24.835,8.3684,4.804058368494755,42.3664,-1
Wafer-1107,2889.0,0.0001,-0.012391742536763797,230.112,-2.08,0.5644,18.516,8.2565,4.715340815942109,153.8167,-1
Wafer-1108,2838.0,0.0005,-0.01140661254950431,229.917,-2.6,0.276,23.189,8.8124,7.585787891133379,130.833,1
Wafer-1109,2853.0,-0.0003,-0.015310358852996012,231.66458268703343,-2.317,0.6415,29.712,8.7901,6.812412775135932,80.7436,-1
Wafer-1110,2867.0,-0.0004,-0.014152822758452616,231.91449739184708,-3.025,0.3462,26.878,10.1714,5.8127,97.8264,-1
Wafer-1111,2864.0,0.0,-0.009245084249041127,231.8281523428002,-2.6,0.5076,35.667,8.1518,3.34,53.4893,-1
Wafer-1112,2842.0,0.0,-0.014664800801308915,231.63271916032176,-1.939,0.4034,28.864,10.6615,8.5263,131.848,-1
Wafer-1113,2898.0,0.0,-0.014664800801308915,231.254,-2.789,0.4181,19.238,8.8203,3.1778649754207287,91.7211,-1
Wafer-1114,2898.0,0.0002,-0.01104110365176902,231.706,-2.553,0.2898,20.71,8.2088,3.3992105990231973,114.724,-1
Wafer-1115,2826.0,0.0008,-0.013015235742913496,229.985,-2.08,0.543,32.183,11.3649,6.423602707801957,128.17,1
Wafer-1116,2833.0,0.0001,-0.01289005437789906,231.4669721427336,-2.458,0.3057,32.185,11.5165,8.1287,66.73,-1
Wafer-1117,2835.0,0.0,-0.010076732091200578,230.993,-2.08,0.523,24.21,8.9216,5.8872,98.6213,-1
Wafer-1118,2860.0,0.0,-0.009600123281035182,231.92970961032805,-2.458,0.6975,32.488,9.7278,6.4158,32.9262,-1
Wafer-1119,2838.0,0.0002,-0.01019646273628378,230.56,-2.789,0.5356,23.312,7.8508,7.346706136711005,121.859,-1
Wafer-1120,2885.0,-0.0005,-0.019317186579455133,230.374,0.0473,0.4462,18.165,8.9376,4.378131506671701,89.7356,-1
Wafer-1121,2873.0,-0.0004,-0.017151405409572277,230.931,-3.072,0.5044,18.133,8.3649,4.1964,94.6536,-1
Wafer-1122,2841.0,0.0008,-0.005252197183322676,230.479,-2.789,0.452,25.288,8.1785,5.498530012615498,96.9823,1
Wafer-1123,2840.0,9.724185807429117e-05,-0.012128798831234636,231.56403299406026,-2.647,0.4725,22.859,7.8427,5.419027299311653,123.705,-1
Wafer-1124,2829.0,0.0001,-0.012144028601001753,231.4807929091829,-2.647,0.5097,34.103,11.0246,5.991404939084847,84.2621,-1
Wafer-1125,2834.0,0.0001,-0.012765114817632534,232.06,-1.986,0.2477,30.241,12.518999999999998,7.754622925003193,76.5729,1
Wafer-1126,2875.0,0.0004,-0.009600123281035182,231.279,-2.647,0.4362,18.662,8.8034,3.4125077375395296,61.8157,-1
Wafer-1127,2889.0,-0.0002,-0.015570331491024735,231.241,-2.647,0.3973,18.962,9.4638,4.516155179956031,71.5418,-1
Wafer-1128,2881.0,-0.0003,-0.014922276558168846,230.305,0.0473,0.212,15.591,8.6117,3.275765305655197,28.0208,-1
Wafer-1129,2835.0,0.0,-0.012144028601001753,231.60213136091056,0.0473,0.1664,23.272,9.0905,5.9699339823874755,107.919,-1
Wafer-1130,2838.0,0.0,-0.011162704137674607,231.47539348896487,-2.789,0.4471,24.559,8.0226,5.5018,113.598,-1
Wafer-1131,2846.0,0.0003,-0.011162704137674607,230.123,-2.553,0.5288,21.848,8.0188,4.935391304155369,153.8167,-1
Wafer-1132,2837.0,0.0006,-0.007960808895210926,231.55179510552836,-2.789,0.5409,23.663,8.1525,3.947114930183859,97.8923,1
Wafer-1133,2881.0,-0.0003,-0.017018247595022,229.73,-2.458,0.5376,21.253,8.0543,4.616158831788668,118.454,-1
Wafer-1134,2885.0,-0.0004,-0.016488175675362274,231.13,-1.986,0.4869,18.933,9.2786,4.978984755933372,71.387,-1
Wafer-1135,2881.0,-0.0001,-0.013266325663997146,230.266,-2.033,0.1744,17.179,8.4429,3.3109717830834153,40.8733,-1
Wafer-1136,2834.0,-0.0007,-0.020146705638878267,231.734,-2.647,0.1684,30.108,10.4488,7.551609524096523,59.4612,-1
Wafer-1137,2874.0,-0.0002,-0.013015235742913496,232.06563891127524,-2.694,0.2199,16.961,8.7856,4.753803270851395,123.313,-1
Wafer-1138,2872.0,-0.0004,-0.016488175675362274,232.09981510356545,-2.033,0.2673,17.686,8.4183,3.478121481152275,115.452,-1
Wafer-1139,2885.0,-0.0004,-0.01876947018898844,230.676,-2.694,0.82765,17.915,8.5884,4.734941292667572,82.707,-1
Wafer-1140,2841.0,-0.0004,-0.01453643528764632,231.55195546078755,0.0473,0.802,21.851,7.7786,4.2387,64.8972,-1
Wafer-1141,2834.0,-0.0003,-0.01622466877924892,230.854,-2.033,0.2085,30.635,11.753,8.018013108339446,60.2561,1
Wafer-1142,2829.0,0.0004,-0.01019646273628378,229.8,-2.789,0.5485,31.146,10.8736,6.800668827082565,64.8492,1
Wafer-1143,2873.0,-0.0006,-0.017018247595022,230.84,-2.694,0.4695,18.769,8.813,3.3323,43.9643,-1
Wafer-1144,2881.0,0.0002,-0.008192279073487544,232.62820617476237,-1.655,0.3001,21.03,9.77,6.300850937040543,79.6918,-1
Wafer-1145,2829.0,0.0,-0.01479341440650841,231.153,0.0,0.5064,31.267,12.518999999999998,7.635270157232903,63.9492,1
Wafer-1146,2886.0,-0.0004,-0.017151405409572277,230.896,-2.222,0.4289,22.065,9.4337,2.977689022337498,59.1817,-1
Wafer-1147,2851.0,-0.0002,-0.01675270070330199,230.682,-2.222,0.4863,21.882,7.8284,5.273991532921114,76.1097,-1
Wafer-1148,2881.0,0.0003,-0.014408317411384722,229.996,-2.222,0.4186,17.016,8.8165,3.7549725359249715,88.3218,-1
Wafer-1149,2835.0,-0.0002,-0.015051387712002576,231.25,-2.458,0.719,25.146,8.6485,6.5941,73.887,-1
Wafer-1150,2881.0,-0.0002,-0.017686610086184433,230.076,-2.222,0.4077,19.102,8.7051,4.4349664999893905,93.8265,-1
Wafer-1151,2874.0,0.0001,-0.01189727129326208,230.318,-2.128,0.82765,17.649,8.2442,2.8665,94.9903,-1
Wafer-1152,2892.0,-0.0001,-0.014664800801308915,232.34182777520567,-2.033,0.4629,18.376,8.7001,5.0377,124.396,-1
Wafer-1153,2839.0,0.0,-0.013518388142226223,231.344,-2.742,0.4549,22.515,8.8459,4.0716,59.4856,-1
Wafer-1154,2837.0,-0.0003,-0.01622466877924892,229.703,-2.694,0.4409,32.55,10.3679,4.0347,58.9703,-1
Wafer-1155,2879.0,0.0,-0.010677711885249871,229.587,-1.088,0.2138,17.738,7.5316,4.0500604925623565,91.8317,-1
Wafer-1156,2842.0,-0.0003,-0.016620310689909497,229.476,-2.742,0.82765,29.609,9.5965,6.6933,129.334,1
Wafer-1157,2858.0,-0.0003,-0.012765114817632534,231.89198369116065,-2.222,0.3952,26.799,10.7687,7.873471585249564,58.4356,-1
Wafer-1158,2835.0,-0.0003,-0.013898313225134048,231.36572476734565,-2.694,0.8267,31.986,12.518999999999998,6.6888,128.853,1
Wafer-1159,2853.0,0.0003,-0.01622466877924892,231.8799776436042,-1.939,0.4233,29.558,11.3628,6.4155,153.8167,1
Wafer-1160,2811.0,0.0,-0.01453643528764632,229.532,-2.742,0.82765,22.126,8.7757,5.2071,153.8167,1
Wafer-1161,2833.0,0.0001,-0.00912719614104808,231.6206061459195,0.0473,0.2333,31.134,11.4963,7.8071,92.4309,1
Wafer-1162,2833.0,-0.0004,-0.01479341440650841,229.722,-2.033,0.4865,34.766,12.518999999999998,7.1707,64.4419,1
Wafer-1163,2872.0,-0.0002,-0.014922276558168846,231.537,0.0,0.527,24.384,8.8156,5.5225,95.7042,-1
Wafer-1164,2849.0,0.0002,-0.010677711885249871,231.5838634060362,-2.6,0.4487,32.112,9.0599,8.5963,76.4577,-1
Wafer-1165,2886.0,0.0002,-0.012391742536763797,229.388,-2.742,0.3947,21.572,9.0232,4.6304,35.2976,-1
Wafer-1166,2811.0,0.0006,-0.005252197183322676,230.204,-1.088,0.4248,21.173,7.8784,4.2511,100.926,1
Wafer-1167,2845.0,-0.0001,-0.014152822758452616,230.466,-2.6,0.4799,30.48,10.2659,5.7278,78.9919,-1
Wafer-1168,2892.0,-0.0007,-0.012515959339152288,230.554,-2.128,0.82765,20.314,9.1426,4.9093,54.4021,-1
Wafer-1169,2893.0,0.0003,-0.010919738402164323,230.342,-2.08,0.4699,18.855,9.2007,4.6862,53.3794,-1
Wafer-1170,2886.0,-0.0003,-0.015310358852996012,230.115,-2.789,0.82765,20.299,8.6285,4.328,85.5771,-1
Wafer-1171,2885.0,0.0001,-0.00912719614104808,232.15835051728325,0.0473,0.3768,19.533,8.5056,6.2783,71.8869,-1
Wafer-1172,2874.0,-0.0004,-0.013898313225134048,232.02169213563351,-2.694,0.7914,17.677,7.8676,1.7694,71.8045,-1
Wafer-1173,2893.0,0.0008,-0.005806116774476077,230.892,-2.742,0.4219,17.817,8.1716,4.3971,43.1511,1
Wafer-1174,2838.0,0.0003,-0.011651467107418271,230.658,0.0473,0.4815,25.29,9.2441,5.148,65.658,-1
Wafer-1175,2833.0,0.0007,-0.009718929268317116,230.347,-2.789,0.4759,31.579,10.9397,6.4195,116.69,1
Wafer-1176,2842.0,-0.0001,-0.015310358852996012,231.645,-3.072,0.3426,27.72,9.3118,7.3893,99.9361,-1
Wafer-1177,2811.0,0.0008,-0.005473118621480688,230.829,-2.553,0.3578,19.215,12.518999999999998,4.847219846877063,104.924,1
Wafer-1178,2867.0,-0.0001,-0.015310358852996012,230.654,-2.789,0.459,20.4579,10.9181,9.172,80.2052,-1
Wafer-1179,2838.0,0.0004,-0.010436621141209437,229.663,-2.317,0.2887,24.069,8.123,4.5255,151.999,-1
Wafer-1180,2867.0,-0.0007,-0.015440219755539015,232.0013673414303,-2.694,0.7604,18.525,9.3959,5.0119,49.2848,-1
Wafer-1181,2837.0,-0.0001,-0.01104110365176902,230.512,-2.128,0.82765,33.099,10.2964,6.8351,96.3772,1
Wafer-1182,2844.0,0.0002,-0.010436621141209437,231.61956444366805,-1.939,0.3949,30.586,10.8489,7.4626,59.2262,1
Wafer-1183,2852.0,0.0001,-0.010677711885249871,231.102,-0.2365,0.284,23.371,7.8512,4.5046,76.6653,-1
Wafer-1184,2815.0,0.0004,-0.0067036685529345535,229.96,-0.2365,0.2928,22.631,8.2341,5.135969542779395,43.9272,1
Wafer-1185,2828.0,0.0002,-0.009837965782719825,231.50155570400955,-0.2365,0.3228,32.376,11.5596,7.288330251576235,75.0896,1
Wafer-1186,2837.0,-0.0001,-0.009600123281035182,231.61129038143585,-0.2365,0.1888,24.658,8.678,5.697327594053085,85.4272,-1
Wafer-1187,2854.0,0.0006,-0.009245084249041127,231.74591322689727,-0.2365,0.2437,32.234,9.0997,6.1830031780627825,50.2961,1
Wafer-1188,2828.0,0.0008,-0.005473118621480688,230.707,0.0,0.2375,31.776,11.483,6.534186120934536,48.7498,1
Wafer-1189,2831.0,0.0005,-0.005917548684627917,231.4782821968355,-0.2365,0.2361,31.165,10.4782,7.104232318483616,58.6189,1
Wafer-1190,2838.0,-0.0001,-0.014280446719174819,229.929,-3.072,0.82765,23.169,8.6901,6.3794,91.4456,-1
Wafer-1191,2842.0,0.0,-0.011284540292471903,231.50194341782682,0.0,0.2471,22.365,8.3398,4.210371160984551,54.8722,-1
Wafer-1192,2875.0,0.0003,-0.009957233248636977,232.16926685773078,0.2838,0.3642,18.145,8.8639,3.9844,80.4401,-1
Wafer-1193,2822.0,-0.0001,-0.013518388142226223,229.425,0.2838,0.2746,31.874,10.7388,6.4958,115.709,1
Wafer-1194,2833.0,-0.0001,-0.012391742536763797,230.01,0.2838,0.5416,32.328,12.4613,7.9505,82.938,1
Wafer-1195,2856.0,0.0003,-0.010436621141209437,229.034,0.9934,0.4039,22.239,8.353,4.8429,93.8197,-1
Wafer-1196,2829.0,0.0001,-0.01104110365176902,230.173,0.9934,0.3712,29.141,12.518999999999998,9.4772,46.7196,1
Wafer-1197,2870.0,0.0004,-0.009245084249041127,230.666,0.9934,0.3608,27.761,9.071,3.6668,58.3845,1
Wafer-1198,2870.0,0.0001,-0.008076431653076612,231.9592772436448,0.2838,0.3412,27.578,7.7306,5.9333,70.04,1
Wafer-1199,2874.0,0.0004,-0.009481547397218494,229.118,-0.1419,0.3942,18.84,10.32,6.25726341720677,124.265,1
Wafer-1200,2874.0,0.0002,-0.01019646273628378,230.239,-0.1419,0.3486,16.446,8.9427,5.105151531897337,96.4122,-1
Wafer-701,2851.0,0.0,-0.012515959339152288,231.98535340968886,0.0946,0.4748,24.18,7.4151,3.0530859630240936,53.0465,-1
Wafer-702,2835.0,-0.0002,-0.011528921342869019,231.7944612125861,0.0,0.4569,22.392,8.3986,4.420639920553133,67.3587,-1
Wafer-703,2903.0,-0.0001,-0.013644785206574271,232.67022036703443,0.0,0.638,18.37,9.4323,4.520660152553444,71.1406,-1
Wafer-704,2845.0,0.0,-0.01019646273628378,231.84680415063872,0.0,0.3082,22.397,8.9141,4.650489178456049,50.8386,-1
Wafer-705,2851.0,0.0,-0.010557049756510268,231.99967228040214,0.0,0.4472,24.141,7.2177,5.610649223127997,47.8652,-1
Wafer-706,2915.0,7.269071467505919e-05,-0.012020530588047515,232.9898109497502,0.6623,0.2549,19.407,8.2235,5.246702088201038,67.1075,-1
Wafer-707,2856.0,0.0003,-0.009600123281035182,232.02330467664262,0.0,0.3883,21.7971,7.6708,7.2766,86.6615,-1
Wafer-708,2856.0,-0.0001,-0.010436621141209437,231.7124782954184,0.0,0.5795,22.488,6.713,6.9471,76.6079,-1
Wafer-709,2856.0,0.0004,-0.009245084249041127,231.69794678824664,0.0,0.4941,21.6,8.1719,4.6187,108.189,-1
Wafer-710,2866.0,0.0001,-0.009245084249041127,231.94636383234968,0.2838,0.3927,23.002,11.1827,5.6518,50.1295,-1
Wafer-711,2855.0,-0.0004,-0.014922276558168846,231.8858215692901,0.0473,0.4639,23.098,7.6022,5.4541,73.5706,-1
Wafer-712,2851.0,-0.0003,-0.013266325663997146,232.003340880248,0.0473,0.3534,23.222,7.8475,4.35697136515344,52.773,-1
Wafer-713,2866.0,0.0002,-0.00854117345532601,231.89165412623854,0.0473,0.3574,23.042,11.7616,6.5103,52.6396,1
Wafer-714,2829.0,0.0001,-0.0077302357140312545,231.73147772278054,0.2838,0.3693,22.723,7.7804,3.7056,30.8194,-1
Wafer-715,2845.0,-0.0004,-0.012515959339152288,231.71052639859658,0.0473,0.4191,22.645,8.1094,3.762773904273349,66.578,-1
Wafer-716,2866.0,0.0003,-0.008424649559356024,231.91422482646348,0.0473,0.4594,23.743,11.4066,6.1004,64.2743,1
Wafer-717,2864.0,0.0006,-0.008076431653076612,231.85140174360174,0.0473,0.4995,20.775,12.2655,9.573701356773595,89.8214,1
Wafer-718,2827.0,0.0001,-0.012765114817632534,231.3643820626034,0.2838,0.6502,33.542,9.5384,5.490248742196488,81.0331,-1
Wafer-719,2851.0,0.0,-0.014408317411384722,231.8704823365722,0.2838,0.6134,22.962,7.887,2.861314042916974,56.1224,-1
Wafer-720,2855.0,-0.0003,-0.01596217629590554,231.7610602743736,0.0473,0.3805,22.073,7.8774,3.2739,104.018,-1
Wafer-721,2889.0,0.0006,-0.007845410386439492,232.39076577360242,0.1419,0.4481,15.765,7.6986,3.6209,139.02,-1
Wafer-722,2841.0,0.0001,-0.010919738402164323,231.58149470325026,0.1419,0.3925,31.17,10.0769,6.482535285366576,47.1725,1
Wafer-723,2841.0,0.0003,-0.007845410386439492,231.58145198536025,0.1419,0.4262,30.969,10.4477,5.471236249875576,77.4016,1
Wafer-724,2870.0,0.0008,-0.006590709701496771,232.01434361649785,0.1419,0.4723,20.631,11.7933,8.5897,77.7743,1
Wafer-725,2851.0,-0.0001,-0.010677711885249871,231.8391891399844,0.1419,0.82765,23.409,9.2757,2.704328341563115,94.3456,-1
Wafer-726,2851.0,0.0001,-0.009245084249041127,231.82133608930485,0.1419,0.5425,22.727,8.0304,3.202810884116942,70.5906,-1
Wafer-727,2835.0,0.0,-0.01104110365176902,231.51151942208378,0.2838,0.5247,22.513,7.5864,4.6422634910462195,84.872,-1
Wafer-728,2840.0,0.0,-0.01189727129326208,231.5886686422349,0.2838,0.6668,31.188,9.6132,6.506775129612788,37.4168,-1
Wafer-729,2866.0,0.0005,-0.010316425610501005,232.266611823297,0.1419,0.3915,22.299,10.9752,6.088088672641623,78.1512,-1
Wafer-730,2861.0,-0.0001,-0.010076732091200578,231.49502744540877,0.2838,0.5085,43.733000000000004,12.518999999999998,5.986366841590834,70.2789,1
Wafer-731,2866.0,-0.0003,-0.01917986194906719,232.00360249478175,0.2838,0.308,21.754,12.518999999999998,5.90655696428518,71.9194,-1
Wafer-732,2861.0,-0.0001,-0.008774900635052027,231.82859226630592,0.2838,0.5637,21.584,12.518999999999998,6.917738414533078,84.1293,-1
Wafer-733,2864.0,-0.0007,-0.01339223511040142,231.89597962534506,0.2838,0.3535,35.092,9.2071,5.669078247071895,106.433,-1
Wafer-734,2866.0,0.0005,-0.009009536449253158,232.1964616591745,0.2838,0.3611,23.973,10.581,5.378165107265608,96.3858,1
Wafer-735,2864.0,0.0001,-0.009600123281035182,231.81001312464556,0.2838,0.5531,34.801,9.5453,4.74930833504688,78.2177,-1
Wafer-736,2840.0,0.0,-0.010919738402164323,231.5816960277737,0.1419,0.6599,28.799,11.2155,5.583935553597249,62.6367,1
Wafer-737,2864.0,0.0,-0.010076732091200578,232.30375239577558,0.0,0.5854,23.107,11.0982,6.1542,112.887,-1
Wafer-738,2855.0,0.0002,-0.007845410386439492,231.99429441196747,0.0,0.501,21.796,7.4838,3.6729,153.8167,-1
Wafer-739,2856.0,0.0001,-0.00854117345532601,231.79222321359921,0.2838,0.4491,22.403,7.5807,2.9402,108.028,-1
Wafer-740,2841.0,0.0,-0.005252197183322676,232.13113858318502,0.2838,0.4472,31.507,10.5092,4.7496,40.3551,1
Wafer-741,2864.0,0.0003,-0.01019646273628378,232.01571275797124,0.2838,0.4251,23.167,12.518999999999998,4.8678,103.514,-1
Wafer-742,2851.0,0.0,-0.011651467107418271,231.78255144099398,0.1419,0.4106,22.796,7.8094,5.239845862313568,52.1331,-1
Wafer-743,2860.0,-0.0001,-0.013140659356685779,231.8543821333545,0.0473,0.391,21.716,7.1708,3.496182061118799,153.8167,-1
Wafer-744,2855.0,-0.0002,-0.009600123281035182,230.765,0.0473,0.4074,21.499,7.653,6.0078,153.8167,-1
Wafer-745,2844.0,0.0003,-0.00912719614104808,231.64733406548677,0.0473,0.5464,19.821,8.8023,5.362596998963074,61.3476,-1
Wafer-746,2864.0,-0.0002,-0.012391742536763797,231.6990775726324,-0.3784,0.4797,36.264,10.2082,6.595990759167605,153.8167,1
Wafer-747,2855.0,-0.0001,-0.011162704137674607,231.201,0.0473,0.3047,21.228,7.2875,3.2105,121.06,-1
Wafer-748,2844.0,0.0,-0.009957233248636977,231.77236893250745,0.0473,0.2861,20.091,7.3775,3.3932366407633863,61.9413,-1
Wafer-749,2850.0,0.0003,-0.010316425610501005,231.990866066449,0.0473,0.5575,34.733,12.518999999999998,9.383524626137284,70.0399,1
Wafer-750,2860.0,0.0,-0.010557049756510268,231.8152097363629,-0.3784,0.3799,21.036,7.2246,3.02459732899,153.8167,-1
Wafer-751,2855.0,0.0002,-0.009718929268317116,231.78546369871876,0.0,0.4921,22.311,7.5606,1.9671,153.8167,-1
Wafer-752,2855.0,-0.0004,-0.014025445077438102,231.001,-0.3784,0.5033,23.764,7.387,7.2011,153.8167,-1
Wafer-753,2864.0,0.0005,-0.006816847152763155,231.87883746819318,0.0473,0.4013,23.102,11.8683,5.746581817970104,66.2947,1
Wafer-754,2860.0,0.0001,-0.01189727129326208,230.834,-0.3784,0.4531,20.351,7.9719,3.8796138660363324,139.069,-1
Wafer-755,2849.0,0.0,-0.00936320119394825,231.7530438789083,-0.3784,0.5044,22.426,8.4138,5.7459693186089975,62.9785,-1
Wafer-756,2860.0,0.0003,-0.01019646273628378,231.93078725999857,0.0473,0.4043,20.488,7.1701,4.256217482779533,81.2559,-1
Wafer-757,2856.0,0.0006,-0.007960808895210926,231.77454007142933,0.0,0.3734,22.454,7.7608,3.0661,125.861,1
Wafer-758,2860.0,0.0,-0.00936320119394825,231.8018568498636,0.0,0.3955,19.878,7.7408,2.9645,153.8167,-1
Wafer-759,2849.0,0.0,-0.011528921342869019,231.8080984149291,0.0473,0.3708,22.78,8.8933,9.573701356773595,153.8167,-1
Wafer-760,2887.0,0.0,-0.012020530588047515,232.41240844736626,0.0473,0.3816,24.735,9.9336,6.3098,137.906,-1
Wafer-761,2860.0,0.0002,-0.010076732091200578,232.837,0.0473,0.4472,21.283,7.6759,2.884561632557257,141.861,-1
Wafer-762,2860.0,0.0,-0.010557049756510268,231.83069110182385,0.0,0.4066,20.653,7.6144,3.7067,153.8167,-1
Wafer-763,2860.0,0.0001,-0.011284540292471903,231.8993157117283,0.0473,0.82765,22.566,7.4656,3.5506,144.862,-1
Wafer-764,2856.0,0.0001,-0.011774250278760608,231.90481167424943,0.0,0.3383,20.972,7.5654,2.0862,153.8167,-1
Wafer-765,2855.0,0.0002,-0.009837965782719825,231.77426517789846,-0.3784,0.4135,21.604,7.153,3.2276,153.8167,-1
Wafer-766,2850.0,0.0,-0.011284540292471903,231.7289501304797,0.0473,0.5885,34.808,12.518999999999998,7.767792469181674,73.1343,1
Wafer-767,2864.0,-0.0001,-0.012020530588047515,231.81868157230338,0.0473,0.5582,36.076,9.2436,5.0688,57.0066,-1
Wafer-768,2850.0,0.0001,-0.009600123281035182,231.632318789188,-0.3784,0.4841,35.0569,12.518999999999998,9.448698014293967,123.739,1
Wafer-769,2850.0,0.0003,-0.01189727129326208,231.99609029440046,-0.1419,0.393,34.397,12.518999999999998,8.360187899418385,121.614,1
Wafer-770,2860.0,0.0,-0.00936320119394825,232.183,-1.135,0.2599,20.735,6.8723,4.338041846780038,122.549,-1
Wafer-771,2844.0,-0.0001,-0.010677711885249871,232.43400675737112,-0.1419,0.3,21.059,8.8046,4.3916,51.5852,-1
Wafer-772,2840.0,-0.0001,-0.01289005437789906,231.73781510372012,-1.135,0.7348,35.845,9.9996,5.44260129456217,153.8167,-1
Wafer-773,2865.0,0.0,-0.008774900635052027,232.43923598433844,-0.1419,0.2891,27.792,10.2867,6.9917,113.933,1
Wafer-774,2865.0,-0.0001,-0.012515959339152288,231.80018636083253,-0.5677,0.4404,27.934,8.5052,7.0339,72.968,-1
Wafer-775,2860.0,-0.0001,-0.010798607957021061,231.635,-0.5677,0.4486,20.867,6.8544,6.2775,102.631,-1
Wafer-776,2864.0,-0.0001,-0.012391742536763797,231.844,-0.1419,0.4626,34.202,9.0681,5.5451559445347955,153.8167,-1
Wafer-777,2865.0,0.0,-0.013140659356685779,230.218,-0.1419,0.3288,29.12,8.8961,4.5753,153.8167,-1
Wafer-778,2856.0,0.0002018876514681793,-0.010316425610501005,232.666,-0.5677,0.5673,21.849,7.6439,2.7212,117.749,-1
Wafer-779,2851.0,0.0005,-0.00936320119394825,231.6288890629893,-1.135,0.3669,35.933,12.518999999999998,6.585,101.075,1
Wafer-780,2869.0,-0.0006,-0.011162704137674607,232.2285634681098,-0.5677,0.4787,33.593,12.518999999999998,6.5153,84.3203,1
Wafer-781,2850.0,0.0003175312428194768,-0.007500556230972549,231.63539766821674,-0.5677,0.5055,36.345,12.518999999999998,7.3795,30.3331,1
Wafer-782,2860.0,-0.0001,-0.011284540292471903,231.817,-1.135,0.499,21.826,7.2264,3.225866740442343,103.651,-1
Wafer-783,2860.0,0.0003,-0.010076732091200578,232.76,-1.135,0.1736,21.489,7.7877,4.739533737683848,77.782,-1
Wafer-784,2860.0,0.0,-0.012020530588047515,232.168,-0.8988,0.5558,21.821,7.9968,3.555738470946035,153.8167,-1
Wafer-785,2862.0,0.0,-0.011774250278760608,231.76679523076618,-0.8988,0.5307,26.375,5.733400000000002,6.329390072952896,153.8167,-1
Wafer-786,2857.0,0.0002,-0.008892104753672272,231.7396777193608,-1.135,0.4474,34.491,9.1071,6.0673654274366395,102.882,1
Wafer-787,2860.0,0.0003,-0.011284540292471903,232.475,-1.135,0.3761,21.504,8.0697,3.588453706282614,93.259,-1
Wafer-788,2856.0,0.0001,-0.01140661254950431,232.265,-0.5677,0.4208,21.8781,7.4992,3.3497,136.238,-1
Wafer-789,2888.0,0.0,-0.008774900635052027,232.13015789349436,-0.5677,0.3598,25.838,8.816,3.4824,113.758,-1
Wafer-790,2887.0,0.0,-0.012020530588047515,232.13861898171103,-0.8988,0.4537,25.993,9.9508,5.9693955926375635,153.8167,-1
Wafer-791,2860.0,0.0005,-0.01104110365176902,231.921,-0.1419,0.3669,22.071,7.5474,3.3787976540865943,43.6856,-1
Wafer-792,2855.0,-0.0001,-0.01289005437789906,232.786,-0.4258,0.4733,26.759,9.032,7.124427899062842,78.8847,-1
Wafer-793,2849.0,0.0,-0.009600123281035182,232.381,-0.8988,0.4353,21.482,7.5734,6.0434,143.951,-1
Wafer-794,2844.0,0.0,-0.010798607957021061,232.79,-0.5677,0.5425,21.814,7.903,6.8665,105.981,-1
Wafer-795,2856.0,0.0,-0.011651467107418271,232.45,-0.4258,0.4249,27.335,9.1319,5.2756,71.055,-1
Wafer-796,2844.0,0.0,-0.009957233248636977,231.8717006014155,-0.4258,0.4949,21.575,8.3055,5.2428,153.8167,-1
Wafer-797,2860.0,0.0003,-0.008192279073487544,231.725,-1.135,0.3718,21.524,7.5499,4.1934,153.8167,-1
Wafer-798,2887.0,0.0,-0.011162704137674607,232.22881087756355,-0.4258,0.3387,24.336,9.5805,6.6934,70.9661,-1
Wafer-799,2889.0,-0.0003,-0.014408317411384722,232.1481562010071,-0.4258,0.3443,27.629,7.0587,5.0033,66.1346,-1
Wafer-800,2844.0,0.0,-0.010436621141209437,231.73819427831984,-0.8988,0.4214,20.486,6.8057,3.6558889108130606,153.8167,-1
Wafer-1301,2854.0,-0.0001,-0.01339223511040142,231.67710722852757,-0.8042,0.5434,28.984,8.8752,3.9631,54.0052,-1
Wafer-1302,2858.0,0.0001,-0.010557049756510268,231.88156823300167,-1.277,0.5757,25.861,8.9982,4.636,44.0398,-1
Wafer-1303,2870.0,0.0004,-0.009718929268317116,230.386,-1.277,0.5757,18.254,10.2432,6.021115642014817,40.5882,1
Wafer-1304,2879.0,0.0008,-0.012144028601001753,232.13205349892297,-1.277,0.553,15.427,9.3539,4.2046,52.7349,-1
Wafer-1305,2828.0,0.0002,-0.010798607957021061,230.769,-1.277,0.6028,31.965,10.4391,5.941220919807088,43.6567,1
Wafer-1306,2871.0,0.0,-0.013898313225134048,232.10422207751412,-0.615,0.4996,17.497,8.6597,3.065901554277389,43.9427,-1
Wafer-1307,2828.0,0.0,-0.012391742536763797,234.187,1.655,0.8071,22.975,7.5909,4.739716141161558,45.7362,-1
Wafer-1308,2880.0,0.0,-0.011284540292471903,232.7639752620731,-0.615,0.5011,14.575,8.5928,2.943057328716161,62.1552,-1
Wafer-1309,2871.0,-0.0004,-0.014664800801308915,231.66,-1.277,0.5468,16.561,8.5178,3.0759,56.1262,-1
Wafer-1310,2845.0,0.0001,-0.013266325663997146,230.598,-0.615,0.3891,19.381,8.4577,4.794243931321806,65.141,-1
Wafer-1311,2823.0,0.0001,-0.012640416618873987,234.41329898491074,-0.615,0.4805,29.536,11.4031,5.8566,43.1827,-1
Wafer-1312,2888.0,-0.0001,-0.013898313225134048,234.41329898491074,-0.615,0.633,20.613,8.1718,4.420007916070561,46.7068,-1
Wafer-1313,2874.0,0.0003,-0.011774250278760608,230.866,-0.7569,0.1883,16.062,8.4179,5.20959388605135,38.1359,-1
Wafer-1314,2815.0,0.0003,-0.006590709701496771,230.022,-1.83,0.6107,22.363,8.183,6.192571200515614,72.8974,1
Wafer-1315,2877.0,0.0001,-0.01289005437789906,232.0693257464103,1.655,0.82765,15.675,7.9101,2.687,57.2251,-1
Wafer-1316,2877.0,0.0,-0.012765114817632534,232.469,-0.615,0.3222,16.05,9.387,3.8479374876449404,58.6332,-1
Wafer-1317,2878.0,0.0002,-0.010919738402164323,231.146,-0.615,0.5485,19.034,9.4609,5.42863570699997,47.9835,-1
Wafer-1318,2880.0,0.0,-0.011284540292471903,232.1373711667299,-0.615,0.542,17.952,9.103,3.271775338222664,50.7544,-1
Wafer-1319,2835.0,0.0001,-0.012765114817632534,231.53146779265126,-0.615,0.5324,24.581,9.0683,4.3746912436782015,57.4148,-1
Wafer-1320,2877.0,0.0001,-0.01189727129326208,232.139,0.0,0.6592,14.257,7.7908,2.53672568020395,87.8034,-1
Wafer-1321,2867.0,0.0001,-0.01289005437789906,233.455,0.0,0.744,28.995,8.3782,5.379788982707293,33.9938,-1
Wafer-1322,2877.0,0.0,-0.01339223511040142,231.254,1.655,0.7686,14.28,7.7119,3.6394845980456596,49.7028,-1
Wafer-1323,2828.0,0.0,-0.014152822758452616,234.41329898491074,0.0,0.5756,24.44,8.7372,4.528123636621463,67.0569,-1
Wafer-1324,2871.0,-0.0001,-0.013140659356685779,234.41329898491074,1.655,0.7729,17.303,9.117,5.2424,57.8273,-1
Wafer-1325,2888.0,-0.0005,-0.014025445077438102,234.41329898491074,-1.229,0.2623,18.408,9.2033,4.3959,54.5909,-1
Wafer-1326,2826.0,0.0001,-0.012765114817632534,228.57602060905356,0.0473,0.4276,25.744,7.8113,4.090058772062303,41.3533,-1
Wafer-1327,2877.0,0.0001,-0.013140659356685779,232.19958472072895,1.655,0.6052,15.433,9.3883,4.1042,94.9469,-1
Wafer-1328,2854.0,-0.0001,-0.01289005437789906,232.19374110495633,-1.371,0.7905,28.244,9.1747,4.9912,72.3535,-1
Wafer-1329,2878.0,0.0001,-0.01104110365176902,232.1750545336501,0.0473,0.3579,19.793,7.9019,4.1946068424147915,57.4575,-1
Wafer-1330,2828.0,0.0,-0.013266325663997146,234.41329898491074,0.0,0.82765,32.511,10.4873,4.800817105900056,62.2802,-1
Wafer-1331,2888.0,0.0001,-0.012391742536763797,234.41329898491074,0.0,0.7861,19.562,8.6412,5.104888974159935,75.3148,-1
Wafer-1332,2888.0,0.0002,-0.012640416618873987,234.41329898491074,0.0473,0.4558,16.355,10.1358,4.4111423071170135,51.0776,-1
Wafer-1333,2855.0,-0.0005,-0.013771426751324641,231.99432966296513,0.0473,0.367,28.539,8.4329,5.486071477716647,42.2813,-1
Wafer-1334,2875.0,0.0001,-0.012267765770770893,230.506,0.2838,0.485,17.321,10.854,5.695,65.7784,-1
Wafer-1335,2854.0,0.0003,-0.006816847152763155,231.0,1.419,0.82765,30.868,10.07,7.114607884674903,105.99,1
Wafer-1336,2823.0,0.0002,-0.012020530588047515,230.836,-0.615,0.4466,30.891,12.4974,6.3533,43.6877,1
Wafer-1337,2860.0,-0.0001,-0.01453643528764632,234.41329898491074,0.0,0.6029,28.499,8.4571,5.542340050895297,88.5249,-1
Wafer-1338,2838.0,0.0,-0.010677711885249871,233.157,0.0,0.5392,23.007,7.9747,5.180445496360448,82.5495,-1
Wafer-1339,2835.0,0.0001,-0.013644785206574271,234.41329898491074,0.0,0.3126,23.977,7.9646,4.7607,75.7903,-1
Wafer-1340,2823.0,-0.0002,-0.014280446719174819,234.41329898491074,0.0,0.5931,30.037,11.4987,6.052767128111076,69.401,-1
Wafer-1341,2871.0,0.0001,-0.010919738402164323,234.41329898491074,-0.8042,0.5041,18.037,7.7347,3.629048999115274,54.6742,-1
Wafer-1342,2826.0,0.0,-0.012144028601001753,234.41329898491074,0.0,0.6058,22.2209,8.6318,5.025649378680066,82.5295,-1
Wafer-1343,2827.0,0.0004,-0.011774250278760608,233.102,-0.8042,0.7377,23.377,8.1969,4.826814749734452,144.119,-1
Wafer-1344,2858.0,-0.0002,-0.016620310689909497,234.004,-0.8042,0.3543,25.686,9.0053,4.567718892094486,36.1211,-1
Wafer-1345,2878.0,0.0001,-0.01104110365176902,232.2263942076676,0.0,0.3145,20.614,9.2801,6.2312,70.7019,-1
Wafer-1346,2859.0,0.0004,-0.007845410386439492,232.621,-0.8042,0.7466,29.595,9.2417,4.993311635628772,65.6689,1
Wafer-1347,2828.0,-0.0004,-0.013140659356685779,230.548,-0.8042,0.5215,26.043,7.8652,6.2737,59.6658,-1
Wafer-1348,2879.0,0.0001,-0.014025445077438102,232.01,-0.8988,0.3174,16.133,9.6483,4.530892141511592,128.002,-1
Wafer-1349,2878.0,0.0003,-0.012144028601001753,232.09885934266646,-0.8988,0.4966,18.4,8.942,4.2896,60.7951,-1
Wafer-1350,2831.0,0.0005,-0.013518388142226223,231.50758852284397,-0.8988,0.4976,30.631,11.4663,4.7027,97.3057,1
Wafer-1351,2889.0,-0.0001,-0.012515959339152288,233.635,-0.8042,0.3155,20.49,8.7969,4.589232673408079,43.3921,-1
Wafer-1352,2860.0,0.0,-0.012391742536763797,234.41329898491074,-0.8988,0.7074,27.325,8.02,5.023584234312875,78.2784,-1
Wafer-1353,2867.0,-0.0001,-0.012391742536763797,234.41329898491074,-0.8042,0.355,29.313,8.7715,4.861807017224058,68.6119,-1
Wafer-1354,2888.0,-0.0003,-0.013771426751324641,234.41329898491074,-0.8988,0.3332,19.7729,11.1879,5.92435796559639,23.02,-1
Wafer-1355,2889.0,0.0002,-0.008892104753672272,234.41329898491074,-0.8042,0.3656,19.85,9.163,5.4002,63.4201,-1
Wafer-1356,2836.0,0.0,-0.010919738402164323,234.41329898491074,-0.8988,0.4628,24.894,8.7803,5.8128,74.9422,-1
Wafer-1357,2877.0,0.0001,-0.008657923674868487,234.41329898491074,-0.8042,0.4267,16.806,8.3322,4.4337,114.1,-1
Wafer-1358,2876.0,-0.0005,-0.014025445077438102,230.589,0.6623,0.5987,17.061,10.1228,3.828682459145827,43.0359,-1
Wafer-1359,2859.0,0.0,-0.01289005437789906,234.41329898491074,0.6623,0.5883,29.838,9.4798,6.1782471828953875,61.3547,-1
Wafer-1360,2883.0,0.0006,-0.00912719614104808,234.388,0.5204,0.2666,19.74,9.1602,3.7849176533183053,50.8472,-1
Wafer-1361,2873.0,0.0001,-0.009245084249041127,232.87,0.6623,0.6026,19.088,9.9588,5.648209621090045,45.9843,-1
Wafer-1362,2876.0,-0.0001,-0.013140659356685779,230.576,0.5204,0.3399,17.367,8.3159,3.0851145259140584,71.2385,-1
Wafer-1363,2869.0,0.0,-0.011651467107418271,231.814,0.5204,0.2887,21.979,7.9464,2.760460803143161,60.7918,-1
Wafer-1364,2828.0,-0.0001,-0.013015235742913496,234.41329898491074,0.6623,0.5823,25.873,7.7113,5.054756682653459,125.656,-1
Wafer-1365,2867.0,0.0002,-0.010557049756510268,234.41329898491074,0.6623,0.6046,29.558,8.1231,5.790196840724983,48.4891,-1
Wafer-1366,2860.0,0.0003,-0.008308351570615855,234.41329898491074,0.5204,0.2936,28.408,8.5371,4.576293168205551,56.6618,1
Wafer-1367,2888.0,-0.0005,-0.01189727129326208,234.307,0.3784,0.5302,20.226,11.2356,5.7784,101.882,-1
Wafer-1368,2859.0,0.0,-0.010316425610501005,234.41329898491074,0.6623,0.5752,29.551,12.518999999999998,9.573701356773595,61.0176,1
Wafer-1369,2883.0,0.0,-0.013140659356685779,234.41329898491074,0.5204,0.2938,21.871,9.1106,4.428249431876099,50.123,-1
Wafer-1370,2828.0,0.0002,-0.01339223511040142,234.41329898491074,0.5204,0.3093,24.1039,8.6195,3.8352862529074345,62.8829,-1
Wafer-1371,2835.0,0.0008,-0.0067036685529345535,229.952,0.2838,0.1544,29.476,8.6747,5.754422160366758,59.7938,1
Wafer-1372,2876.0,-0.0002,-0.015310358852996012,234.41329898491074,0.5204,0.2798,17.976,10.0609,3.533521265543551,43.4273,-1
Wafer-1373,2883.0,0.0,-0.013644785206574271,234.252,0.5204,0.306,14.953,8.8828,2.3187274182426094,51.6936,-1
Wafer-1374,2882.0,0.0001,-0.013898313225134048,233.66,0.3784,0.4671,19.019,8.5356,3.411520619544957,66.6137,-1
Wafer-1375,2871.0,-0.0005,-0.01479341440650841,233.117,-0.3311,0.5396,17.787,8.5267,4.002,43.7911,-1
Wafer-1376,2829.0,-0.0004,-0.014280446719174819,234.41329898491074,0.3784,0.4129,22.99,7.6201,3.967,63.6251,-1
Wafer-1377,2828.0,0.0,-0.012640416618873987,234.41329898491074,-0.3311,0.2925,22.853,7.6475,4.8208,43.588,-1
Wafer-1378,2873.0,0.0002,-0.01140661254950431,234.41329898491074,0.3784,0.3475,20.925,7.8801,3.3127,43.4699,-1
Wafer-1379,2854.0,0.0004,-0.014922276558168846,234.41329898491074,0.3784,0.3225,29.245,9.0843,4.6052,121.222,-1
Wafer-1380,2888.0,0.0001,-0.01189727129326208,234.41329898491074,-1.466,0.3632,17.428,10.4443,6.3372,49.1734,-1
Wafer-1381,2867.0,-0.0003,-0.01479341440650841,234.41329898491074,0.3784,0.4696,32.537,9.2001,5.0501,82.2839,-1
Wafer-1382,2869.0,-0.0003,-0.01339223511040142,230.005,0.9461,0.4513,19.713,7.7574,3.390153965422269,51.6738,-1
Wafer-1383,2882.0,0.0003,-0.01339223511040142,234.41329898491074,-0.9461,0.4018,17.185,8.9215,3.970965482179226,143.724,-1
Wafer-1384,2860.0,0.0001,-0.013266325663997146,229.635,-0.9461,0.3882,29.297,8.3194,4.763208827226147,102.552,-1
Wafer-1385,2867.0,0.0003,-0.010436621141209437,234.41329898491074,0.0,0.5115,27.742,8.4346,5.00056438945055,87.58,-1
Wafer-1386,2820.0,-0.0001,-0.016093295967919346,233.237,-0.9461,0.2574,29.783,11.1844,5.946202545103025,50.6529,-1
Wafer-1387,2873.0,-0.0005,-0.014025445077438102,232.882,-0.3311,0.5124,17.247,9.7073,4.8663,51.5208,-1
Wafer-1388,2889.0,0.0004,-0.00936320119394825,234.024,-0.9461,0.4406,18.264,9.7143,4.465776023879796,122.455,-1
Wafer-1389,2888.0,-0.0002,-0.013015235742913496,234.41329898491074,-0.3311,0.5041,18.359,9.0634,5.3896,57.9395,-1
Wafer-1390,2876.0,0.0002,-0.014280446719174819,229.749,-0.9461,0.3139,18.715,8.4486,4.000938241430564,45.3408,-1
Wafer-1391,2803.0,0.0003,-0.012515959339152288,234.024,0.0,0.3619,27.718,10.3312,5.94748426759243,48.3871,-1
Wafer-1392,2873.0,0.0,-0.011528921342869019,230.913,0.0,0.2891,18.371,7.1395,2.4363,77.9454,-1
Wafer-1393,2873.0,0.0005,-0.010316425610501005,232.87,-0.9461,0.3656,17.233,9.312,4.75210919560321,105.385,-1
Wafer-1394,2882.0,-0.0004,-0.013015235742913496,232.548,0.0,0.2872,17.527,9.9572,4.194409180741691,32.3023,-1
Wafer-1395,2879.0,0.0001,-0.014922276558168846,232.12366345871612,0.0,0.4722,16.252,9.4373,3.2805084641789355,31.6841,-1
Wafer-1396,2882.0,-0.0002,-0.016620310689909497,234.312,0.0,0.3066,20.33,10.7511,5.430090477158218,68.8891,-1
Wafer-1397,2888.0,-0.0004,-0.014664800801308915,232.43884017534816,0.0,0.4415,16.164,9.4734,3.61364208508859,61.4635,-1
Wafer-1398,2820.0,-0.0001,-0.01596217629590554,234.328,0.0,0.3542,30.601,12.518999999999998,9.573701356773595,95.835,1
Wafer-1399,2889.0,0.0002,-0.009837965782719825,233.487,-0.9461,0.3866,18.981,8.9722,3.4303988530864826,48.2969,-1
Wafer-1400,2873.0,0.0002,-0.011528921342869019,234.406,0.3784,0.3304,20.038,9.4638,5.126258157564517,92.6373,-1
